,,,,,,,,,,,,,,,,,,,,,,,,,,,,,,,,,,,,,,,,,,,,,,,,,,,,,,,,,,,,,,,,,,,,,,,,,,,,,,,,,,,,,,,,,,,,,,,,,,,,,,,,,
,,Physical exposure to earthquake MMI VI (absolute),Physical exposure to earthquake MMI VIII (absolute),Physical exposure to earthquake (absolute),Annual Expected Exposed People to River Floods,Annual Expected Exposed People to Tsunamis,Annual Expected Exposed People to Cyclone's Wind SS1,Annual Expected Exposed People to Cyclone's Wind SS3,Annual Expected Exposed People to Cyclone's Wind (absolute),Physical exposure to coastal flood (absolute),People affected by droughts (absolute),Physical exposure to earthquake MMI VI (relative),Physical exposure to earthquake MMI VIII (relative),Physical exposure to river flood (relative),Physical exposure to tsunami (relative),Physical exposure to tropical cyclone of Saffir-Simpson category 1 (relative),Physical exposure to tropical cyclone of Saffir-Simpson category 3 (relative),Physical exposure to coastal flood (relative),People affected by droughts (relative),Physical exposure to earthquake MMI VI (relative),Physical exposure to earthquake MMI VIII (relative),Physical exposure to earthquake (relative),Physical exposure to river flood (relative),Physical exposure to tsunami (relative),Physical exposure to tropical cyclone of Saffir-Simpson category 1 (relative),Physical exposure to tropical cyclone of Saffir-Simpson category 3 (relative),Physical exposure to tropical cyclone wind (relative),Physical exposure to coastal flood (relative),People affected by droughts (relative),Frequency of Drought events,Physical exposure to earthquake MMI VI,Physical exposure to earthquake MMI VIII,Physical exposure to tropical cyclone of Saffir-Simpson category 1,Physical exposure to tropical cyclone of Saffir-Simpson category 3,Physical exposure to tropical cyclone wind,People affected by droughts,Physical exposure to earthquake ,Physical exposure to river flood,Physical exposure to tsunami,Physical exposure to tropical cyclone,Physical exposure to coastal flood,People affected by droughts and Frequency of events,Agriculture Droughts probability,Droughts probability and historical impact,Population exposed to CCHF (absolute),Population exposed to CCHF (relative,Population exposed to CCHF (relative),Physical exposure to CCHF,Population exposed to EDV (absolute),Population exposed to EDV (relative),Population exposed to EDV (relative),Physical exposure to EDV,Population exposed to Lassa Fever (absolute),Population exposed to Lassa Fever (relative),Population exposed to Lassa Fever (relative),Physical exposure to Lassa Fever,Population exposed to MVD (absolute),Population exposed to MVD (relative),Population exposed to MVD (relative),Physical exposure to MVD,Physical exposure to zoonones,Populations at risk of malaria (absolute),Populations at risk of malaria (relative),Populations at risk of malaria (relative),Populations at risk of malaria,Population exposed to Zika (absolute),Population exposed to Zika (relative),Population exposed to Zika (relative),Population exposed to Zika,Population at Risk to Aedes (absolute),Population at Risk to Aedes (relative),Population at Risk to Aedes (relative),Population at Risk to Aedes,Population exposed to Dengue (absolute),Population exposed to Dengue (relative),Population exposed to Dengue (relative),Population exposed to Dengue,Physical exposure to vectorborne,Sanitation,Drinking water,Hygiene,WaSH,Population density,Urban population growth,Population living in urban areas,Household size,Population,P2P,Population living in slums (% of urban population),Children under 5,Population,People practicing open defecation,WaSH,Number of vets per capita,Number of vets,IHR capacity score: Food safety,Food,Waterborne - Foodborne,Physical exposure to epidemics,INFORM Natural Hazard,Projected Conflict Probability,Current Conflict Intensity,INFORM Human Hazard,,
,MAX,5.2,4.8,,6.5,3.5,6.1,5.2,,5.6,5.0,,,,,,,,,0.2%,0.2%,,-1.35,-3.9,9.00%,2.00%,,-1.35,3.00%,0.30,,,,,,,,,,,,,0.30,, 8.0 ,,90.00%,, 7.0 ,,5.00%,, 7.0 ,,10.00%,, 7.0 ,,0,,, 8.0 ,,100%,, 8.0 ,,90%,, 8.0 ,,100%,, 8.0 ,,100%,,,100,100,100,,3,5,100,6,,,90,20,,30,,,0.10%,100,,,,,0.95,3.5,,,
,MIN,1.7,0.9,,2.2,-0.9,1.7,-0.9,,1.3,1.0,,,,,,,,,0%,0%,,-3.95,-7.8,0.00%,0.00%,,-4.82,0.00%,0.00,,,,,,,,,,,,,0.00,, 1.0 ,,0.00%,, 1.0 ,,0.00%,, 1.0 ,,0.00%,, 1.0 ,,-5,,, 1.0 ,,0%,, 1.0 ,,0%,, 1.0 ,,0%,, 1.0 ,,0%,,,10,40,0,,0,0,0,2,,,0,5,,0,,,0.00%,0,,,,,0,0,,,
COUNTRY,ISO,,,,,,,,,,,,,,,,,,,,,,,,,,,,,,,,,,,,,,,,,,,,,,,,,,,,,,,,,,,,,,,,,,,,,,,,,,,,,,,,,,,,,,,,,,,,,,,,,,,,,,,,
Afghanistan,AFG,9.2,9.5,9.4,7.6,0.0,0.0,0.0,0.0,0.0,10.0,0.19%,0.09%,0.7109%,0.00%,0.00%,0.00%,0.00%,2.04%,9.6,4.5,8.0,6.9,0.0,0.0,0.0,0.0,0.0,6.8,5.7,9.4,7.0,0.0,0.0,0.0,8.9,8.8,7.3,0.0,0.0,0.0,7.3,10.0,8.7,9.2,67.65%,7.5,8.5,x,x,x,x,x,x,x,x,x,x,x,x,8.5,9.3,77.2%,7.7,8.6,0.0,0.00%,0.0,0.0,8.6,24.18%,2.4,6.4,8.0,9.18%,0.9,5.5,5.9,4.9,3.0,5.2,4.4,6.0,7.7,2.7,10.0,6.6,5.9,8.0,7.3,7.0,2.9,4.0,0.01%,9.4,8.0,8.7,6.6,6.9,5.8,9.7,7.2,8.8,,
Albania,ALB,5.9,7.2,6.6,3.9,5.7,0.0,0.0,0.0,7.0,9.9,0.21%,0.17%,0.2565%,0.00%,0.00%,0.00%,0.77%,3.24%,10.0,8.4,9.4,5.2,7.6,0.0,0.0,0.0,7.8,10.0,1.0,8.0,7.8,0.0,0.0,0.0,10.0,8.3,4.6,6.8,0.0,7.4,5.5,7.5,6.5,7.7,80.94%,9.0,8.4,x,x,x,x,x,x,x,x,x,x,x,x,8.4,0.0,0.0%,0.0,0.0,0.0,0.00%,0.0,0.0,0.0,0.00%,0.0,0.0,6.0,5.73%,0.6,3.8,1.1,0.1,0.8,x,0.5,6.7,0.2,6.5,3.2,4.2,3.0,0.3,0.1,2.8,0.0,0.3,0.03%,7.4,2.0,4.7,2.6,4.5,5.9,0.1,0.0,0.1,,
Algeria,DZA,9.1,8.9,9.0,4.8,2.2,0.0,0.0,0.0,1.3,0.0,0.16%,0.05%,0.0397%,0.00%,0.00%,0.00%,0.00%,0.00%,8.2,2.4,6.1,2.1,0.6,0.0,0.0,0.0,0.0,0.0,0.0,8.7,5.7,0.0,0.0,0.0,0.0,7.9,3.6,1.4,0.0,0.7,0.0,5.0,2.5,0.0,0.00%,0.0,0.0,0.0,0.00%,0.0,0.0,0.0,0.00%,0.0,0.0,0.0,0.00%,0.0,0.0,0.0,0.0,0.0%,0.0,0.0,7.9,6.80%,0.8,5.4,9.1,47.35%,4.7,7.5,7.4,3.42%,0.3,4.8,4.9,1.6,0.9,1.5,1.3,4.2,4.4,7.5,7.4,5.9,4.4,1.5,3.3,4.7,0.0,1.0,0.01%,8.6,2.0,5.3,3.7,3.5,3.3,1.7,0.0,0.9,,
Angola,AGO,0.1,0.1,0.1,5.0,0.0,0.0,0.0,0.0,4.8,10.0,0.00%,0.00%,0.0565%,0.00%,0.00%,0.00%,0.01%,0.52%,0.0,0.0,0.0,2.7,0.0,0.0,0.0,0.0,1.8,1.7,6.7,0.1,0.1,0.0,0.0,0.0,7.9,0.1,3.9,0.0,0.0,3.4,7.3,0.0,3.7,5.0,0.09%,0.0,2.9,7.3,0.62%,1.2,5.0,0.0,0.00%,0.0,0.0,8.6,3.74%,7.1,7.9,4.6,9.4,100.0%,10.0,9.7,8.8,40.69%,4.5,7.2,9.3,83.97%,8.4,8.9,9.2,69.72%,7.0,8.3,8.7,5.3,7.0,7.3,6.5,4.8,7.8,6.9,7.1,6.7,6.6,7.0,7.8,6.9,5.8,6.4,0.00%,9.8,6.0,7.9,7.1,7.0,3.0,3.6,0.0,2.0,,
Antigua and Barbuda,ATG,1.6,0.1,0.9,0.0,0.0,5.1,6.7,6.0,2.1,0.0,0.20%,0.00%,0.0000%,0.00%,9.90%,1.68%,0.17%,0.00%,10.0,0.0,7.6,0.0,0.0,10.0,8.4,9.4,5.9,0.0,0.0,5.8,0.1,7.6,7.6,7.6,0.0,5.1,0.0,0.0,8.2,4.3,0.0,x,0.0,x,x,x,x,x,x,x,x,x,x,x,x,x,x,x,x,x,0.0,0.0%,0.0,0.0,5.3,56.63%,6.3,5.8,5.6,83.50%,8.3,7.2,5.4,65.18%,6.5,6.0,5.3,0.3,0.3,x,0.3,7.8,1.0,2.4,x,3.7,2.6,0.3,0.6,2.4,0.2,0.3,x,x,x,x,1.4,3.3,3.7,0.0,0.0,0.0,,
Argentina,ARG,7.7,7.7,7.7,8.0,0.0,0.0,0.0,0.0,5.1,5.0,0.05%,0.02%,0.9185%,0.00%,0.00%,0.00%,0.01%,0.00%,2.7,0.8,1.8,7.4,0.0,0.0,0.0,0.0,2.0,0.0,3.8,5.2,4.3,0.0,0.0,0.0,2.9,5.5,7.7,0.0,0.0,3.7,3.4,7.5,5.5,x,x,x,x,x,x,x,x,x,x,x,x,x,x,x,x,x,0.0,0.0%,0.0,0.0,8.2,12.34%,1.4,5.8,9.2,57.55%,5.8,7.9,7.9,7.20%,0.7,5.3,5.4,0.6,0.2,x,0.4,4.1,2.1,9.2,2.4,4.5,3.1,1.6,0.5,3.3,0.5,0.4,0.02%,7.7,2.0,4.9,2.9,3.9,4.3,0.3,0.0,0.2,,
Armenia,ARM,5.8,6.2,6.0,4.4,0.0,0.0,0.0,0.0,0.0,7.3,0.21%,0.07%,0.4224%,0.00%,0.00%,0.00%,0.00%,0.31%,10.0,3.4,8.2,6.1,0.0,0.0,0.0,0.0,0.0,1.0,1.0,7.9,4.8,0.0,0.0,0.0,4.9,7.3,5.3,0.0,0.0,0.0,3.0,6.7,4.9,7.7,90.78%,10.0,9.2,x,x,x,x,x,x,x,x,x,x,x,x,9.2,0.0,0.0%,0.0,0.0,0.0,0.00%,0.0,0.0,0.0,0.00%,0.0,0.0,0.0,0.00%,0.0,0.0,0.0,0.7,0.0,0.6,0.4,6.6,0.3,6.4,3.8,4.3,3.0,0.9,0.6,3.1,0.0,0.3,0.02%,7.9,6.0,7.0,3.5,5.1,3.8,2.6,3.7,3.2,,
Australia,AUS,0.0,0.1,0.1,5.9,6.0,7.6,5.1,6.5,7.1,10.0,0.00%,0.00%,0.2004%,0.00%,0.41%,0.00%,0.09%,0.75%,0.0,0.0,0.0,4.8,5.4,0.5,0.0,0.3,5.2,2.5,4.8,0.0,0.1,4.1,2.6,3.4,8.0,0.1,5.4,5.7,4.1,6.2,6.4,5.8,6.1,0.0,0.00%,0.0,0.0,x,x,x,x,x,x,x,x,x,x,x,x,0.0,0.0,0.0%,0.0,0.0,7.0,2.85%,0.3,4.4,8.1,18.70%,1.9,5.8,7.6,7.36%,0.7,5.1,4.1,0.0,0.0,x,0.0,1.7,5.0,8.7,1.4,4.2,2.8,0.0,0.5,2.9,0.0,0.0,0.02%,8.4,0.0,4.2,2.4,2.4,4.6,0.1,0.0,0.1,,
Austria,AUT,6.6,0.1,4.1,6.6,0.0,0.0,0.0,0.0,0.0,0.0,0.12%,0.00%,1.1857%,0.00%,0.00%,0.00%,0.00%,0.00%,6.0,0.0,3.6,7.8,0.0,0.0,0.0,0.0,0.0,0.0,0.0,6.3,0.1,0.0,0.0,0.0,0.0,3.9,7.2,0.0,0.0,0.0,0.0,3.3,1.7,3.4,0.03%,0.0,1.9,x,x,x,x,x,x,x,x,x,x,x,x,1.9,0.0,0.0%,0.0,0.0,0.0,0.00%,0.0,0.0,0.0,0.00%,0.0,0.0,0.0,0.00%,0.0,0.0,0.0,0.0,0.0,x,0.0,6.8,2.9,6.0,0.7,4.1,2.7,0.0,0.0,2.7,0.0,0.0,0.02%,7.8,0.0,3.9,2.2,1.8,2.5,0.1,0.0,0.1,,
Azerbaijan,AZE,7.5,7.4,7.5,6.2,0.0,0.0,0.0,0.0,0.0,0.0,0.21%,0.06%,0.6809%,0.00%,0.00%,0.00%,0.00%,0.00%,10.0,2.9,8.1,6.9,0.0,0.0,0.0,0.0,0.0,0.0,1.0,8.8,5.2,0.0,0.0,0.0,0.0,7.8,6.6,0.0,0.0,0.0,0.5,10.0,5.3,8.5,87.71%,9.7,9.2,x,x,x,x,x,x,x,x,x,x,x,x,9.2,0.0,0.0%,0.0,0.0,0.0,0.00%,0.0,0.0,2.8,0.01%,0.0,1.5,5.1,0.38%,0.0,2.9,1.2,0.4,0.4,1.1,0.6,7.0,0.8,5.8,6.4,5.0,3.5,x,0.9,4.2,0.0,0.5,0.03%,7.2,2.0,4.6,3.1,5.3,4.3,9.4,7.6,8.7,,
Bahamas,BHS,0.1,0.1,0.1,0.0,0.0,6.3,7.6,7.0,4.6,0.0,0.00%,0.00%,0.0000%,0.00%,7.40%,1.40%,0.46%,0.00%,0.0,0.0,0.0,0.0,0.0,8.2,7.0,7.7,7.2,0.0,0.0,0.1,0.1,7.3,7.3,7.3,0.0,0.1,0.0,0.0,7.4,6.1,0.0,3.3,1.7,x,x,x,x,x,x,x,x,x,x,x,x,x,x,x,x,x,0.0,0.0%,0.0,0.0,5.8,28.71%,3.2,4.6,6.4,72.38%,7.2,6.8,6.3,58.12%,5.8,6.1,4.8,0.6,0.2,x,0.4,5.4,1.6,8.4,3.5,4.7,3.3,x,0.3,3.8,0.1,0.3,0.02%,7.7,2.0,4.9,3.0,3.7,3.3,0.1,0.0,0.1,,
Bahrain,BHR,0.1,0.1,0.1,0.0,0.0,0.0,0.0,0.0,4.8,0.0,0.00%,0.00%,0.0000%,0.00%,0.00%,0.00%,0.16%,0.00%,0.0,0.0,0.0,0.0,0.0,0.0,0.0,0.0,5.8,0.0,0.0,0.1,0.1,0.0,0.0,0.0,0.0,0.1,0.0,0.0,0.0,5.3,0.0,x,0.0,0.0,0.00%,0.0,0.0,x,x,x,x,x,x,x,x,x,x,x,x,0.0,0.0,0.0%,0.0,0.0,0.0,0.00%,0.0,0.0,7.4,93.97%,9.4,8.6,6.8,36.22%,3.6,5.4,4.6,0.0,0.0,x,0.0,10.0,2.1,9.0,x,7.0,4.7,x,0.6,5.4,0.0,0.0,0.01%,9.1,x,9.1,4.8,3.8,1.6,0.4,0.0,0.2,,
Bangladesh,BGD,10.0,9.4,9.7,10.0,9.0,10.0,10.0,10.0,10.0,10.0,0.21%,0.02%,3.7992%,0.00%,1.50%,0.28%,0.32%,0.08%,10.0,1.0,7.8,9.7,6.7,1.7,1.4,1.6,6.7,0.3,1.9,10.0,5.2,5.9,5.7,5.8,7.6,8.9,9.9,8.1,7.9,8.9,4.8,4.2,4.5,9.8,44.53%,4.9,8.3,x,x,x,x,x,x,x,x,x,x,x,x,8.3,9.0,10.8%,1.1,6.5,10.0,84.45%,9.4,9.7,10.0,98.82%,9.9,10.0,10.0,98.80%,9.9,10.0,9.4,4.5,0.3,3.8,2.9,10.0,5.9,4.0,5.7,6.4,5.2,5.7,3.1,5.7,0.0,2.2,0.02%,7.8,4.0,5.9,4.6,7.4,8.3,3.9,3.1,3.5,,
Barbados,BRB,3.0,0.1,1.7,0.0,1.4,6.2,7.3,6.8,0.4,0.0,0.20%,0.00%,0.0000%,0.00%,9.90%,1.40%,0.01%,0.00%,10.0,0.0,7.6,0.0,5.4,10.0,7.0,9.0,2.5,0.0,1.0,6.5,0.1,8.1,7.2,7.7,0.0,5.4,0.0,3.7,8.1,1.5,0.5,x,0.5,x,x,x,x,x,x,x,x,x,x,x,x,x,x,x,x,x,0.0,0.0%,0.0,0.0,6.0,53.76%,6.0,6.0,6.3,89.37%,8.9,7.8,6.2,81.62%,8.2,7.3,5.9,0.2,0.2,x,0.2,9.4,0.9,3.1,2.1,3.9,2.7,x,0.4,3.2,0.3,0.2,0.00%,9.6,2.0,5.8,3.1,4.1,3.9,0.0,0.0,0.0,,
Belarus,BLR,0.1,0.1,0.1,5.5,0.0,0.0,0.0,0.0,0.0,0.0,0.00%,0.00%,0.4029%,0.00%,0.00%,0.00%,0.00%,0.00%,0.0,0.0,0.0,6.0,0.0,0.0,0.0,0.0,0.0,0.0,0.0,0.1,0.1,0.0,0.0,0.0,0.0,0.1,5.8,0.0,0.0,0.0,0.0,4.2,2.1,7.1,9.16%,1.0,4.7,x,x,x,x,x,x,x,x,x,x,x,x,4.7,0.0,0.0%,0.0,0.0,0.0,0.00%,0.0,0.0,0.0,0.00%,0.0,0.0,0.0,0.00%,0.0,0.0,0.0,0.0,0.1,x,0.1,5.5,0.0,8.1,0.8,3.6,2.4,0.3,0.0,2.5,0.0,0.0,0.14%,0.0,0.0,0.0,0.8,2.2,1.7,0.1,0.0,0.1,,
Belgium,BEL,6.3,0.1,3.8,6.0,0.0,0.0,0.0,0.0,8.0,0.0,0.07%,0.00%,0.5253%,0.00%,0.00%,0.00%,0.51%,0.00%,3.5,0.0,1.9,6.4,0.0,0.0,0.0,0.0,7.3,0.0,0.0,4.9,0.1,0.0,0.0,0.0,0.0,2.9,6.2,0.0,0.0,7.7,0.0,2.5,1.3,0.0,0.00%,0.0,0.0,x,x,x,x,x,x,x,x,x,x,x,x,0.0,0.0,0.0%,0.0,0.0,0.0,0.00%,0.0,0.0,0.0,0.00%,0.0,0.0,0.0,0.00%,0.0,0.0,0.0,0.1,0.0,x,0.1,8.6,2.4,9.8,0.9,5.4,3.6,0.0,0.0,3.6,0.0,0.0,0.05%,4.7,0.0,2.4,2.0,1.5,3.4,0.3,0.9,0.6,,
Belize,BLZ,2.5,0.0,1.3,0.9,1.1,5.5,7.0,6.3,4.5,0.0,0.09%,0.00%,0.0860%,0.00%,3.29%,0.60%,0.43%,0.00%,4.7,0.0,2.7,3.4,4.6,3.7,3.0,3.4,7.1,0.0,0.0,3.6,0.0,4.6,5.0,4.8,0.0,2.0,2.2,3.0,5.0,6.0,0.0,4.2,2.1,x,x,x,x,x,x,x,x,x,x,x,x,x,x,x,x,x,0.0,0.0%,0.0,0.0,6.4,69.51%,7.7,7.1,6.4,73.55%,7.4,6.9,6.5,82.70%,8.3,7.5,6.0,1.3,0.3,1.0,0.9,4.1,3.6,4.7,4.4,4.2,3.1,1.7,2.3,3.5,0.2,0.7,0.01%,9.3,2.0,5.7,3.3,4.3,3.7,0.1,0.0,0.1,,
Benin,BEN,0.1,0.1,0.1,6.4,0.0,0.0,0.0,0.0,2.9,0.0,0.00%,0.00%,0.6641%,0.00%,0.00%,0.00%,0.00%,0.00%,0.0,0.0,0.0,6.8,0.0,0.0,0.0,0.0,0.7,0.0,0.0,0.1,0.1,0.0,0.0,0.0,0.0,0.1,6.6,0.0,0.0,1.9,0.0,1.7,0.9,8.1,35.46%,3.9,6.5,4.8,0.05%,0.1,2.8,9.6,39.25%,10.0,9.8,0.0,0.00%,0.0,0.0,6.3,8.8,100.0%,10.0,9.5,8.5,63.25%,7.0,7.8,8.7,92.78%,9.3,9.0,8.8,99.54%,10.0,9.5,9.0,8.9,5.4,8.8,7.7,6.9,7.6,5.0,8.0,6.9,7.2,7.1,6.8,6.9,10.0,8.3,0.01%,9.5,6.0,7.8,7.7,7.7,3.2,4.6,4.8,4.7,,
Bhutan,BTN,4.4,4.8,4.6,2.7,0.0,0.0,0.0,0.0,0.0,0.0,0.23%,0.07%,0.2820%,0.00%,0.00%,0.00%,0.00%,0.00%,10.0,3.4,8.2,5.4,0.0,0.0,0.0,0.0,0.0,0.0,0.0,7.2,4.1,0.0,0.0,0.0,0.0,6.8,4.2,0.0,0.0,0.0,0.0,0.0,0.0,6.9,82.46%,9.2,8.3,x,x,x,x,x,x,x,x,x,x,x,x,8.3,6.8,74.0%,7.4,7.1,6.1,24.61%,2.7,4.6,6.6,54.74%,5.5,6.1,6.8,74.39%,7.4,7.1,6.3,2.5,0.1,0.7,1.1,4.4,4.3,4.4,6.5,4.9,3.6,5.0,0.8,4.2,0.0,0.8,0.09%,1.1,4.0,2.6,2.5,5.7,2.9,0.1,0.0,0.1,,
Bolivia,BOL,7.6,6.8,7.2,5.5,0.0,0.0,0.0,0.0,0.0,10.0,0.19%,0.03%,0.2848%,0.00%,0.00%,0.00%,0.00%,0.80%,9.4,1.4,7.0,5.4,0.0,0.0,0.0,0.0,0.0,2.7,9.5,8.5,4.1,0.0,0.0,0.0,8.1,7.1,5.5,0.0,0.0,0.0,8.8,4.2,6.5,x,x,x,x,x,x,x,x,x,x,x,x,x,x,x,x,x,8.2,45.4%,4.5,6.7,8.0,33.21%,3.7,6.3,8.2,43.47%,4.3,6.7,8.1,39.19%,3.9,6.5,6.6,3.5,1.0,7.3,3.9,3.5,3.7,7.1,3.8,4.5,4.3,5.2,3.4,4.5,2.9,3.7,0.07%,3.0,8.0,5.5,4.6,5.3,4.1,0.5,0.0,0.3,,
Bosnia and Herzegovina,BIH,6.0,0.1,3.6,4.9,0.0,0.0,0.0,0.0,0.0,5.6,0.21%,0.00%,0.6264%,0.00%,0.00%,0.00%,0.00%,0.06%,10.0,0.0,7.6,6.7,0.6,0.0,0.0,0.0,0.0,0.2,1.9,8.0,0.1,0.0,0.0,0.0,3.4,6.0,5.9,0.3,0.0,0.0,2.7,3.3,3.0,3.2,0.05%,0.0,1.7,x,x,x,x,x,x,x,x,x,x,x,x,1.7,0.0,0.0%,0.0,0.0,0.0,0.00%,0.0,0.0,0.0,0.00%,0.0,0.0,5.5,2.25%,0.2,3.3,0.9,0.5,0.7,x,0.6,6.0,0.3,5.0,3.8,3.8,2.7,0.0,0.0,2.5,0.0,0.4,0.01%,9.1,x,9.1,4.0,2.4,2.9,0.1,0.0,0.1,,
Botswana,BWA,0.1,0.1,0.1,3.1,0.0,0.0,0.0,0.0,0.0,6.7,0.00%,0.00%,0.1261%,0.00%,0.00%,0.00%,0.00%,0.18%,0.0,0.0,0.0,4.0,0.0,0.0,0.0,0.0,0.0,0.6,3.8,0.1,0.1,0.0,0.0,0.0,4.3,0.1,3.6,0.0,0.0,0.0,4.1,7.5,5.8,4.2,0.33%,0.0,2.3,0.0,0.00%,0.0,0.0,0.0,0.00%,0.0,0.0,0.0,0.00%,0.0,0.0,0.6,7.5,66.3%,6.6,7.1,6.2,8.71%,1.0,4.1,7.7,84.89%,8.5,8.1,5.0,1.24%,0.1,2.9,6.0,2.2,1.2,x,1.7,2.2,5.2,7.3,3.8,4.6,3.6,4.4,4.5,4.6,1.7,1.7,0.02%,7.7,6.0,6.9,4.4,3.9,2.2,0.1,0.0,0.1,,
Brazil,BRA,2.0,0.0,1.0,8.8,0.0,0.0,0.0,0.0,6.9,10.0,0.00%,0.00%,0.4357%,0.00%,0.00%,0.00%,0.01%,0.57%,0.0,0.0,0.0,6.1,0.0,0.0,0.0,0.0,2.2,1.9,10.0,1.0,0.0,0.0,0.0,0.0,7.9,0.5,7.7,0.0,0.0,5.0,9.0,0.0,4.5,x,x,x,x,x,x,x,x,x,x,x,x,x,x,x,x,x,9.5,20.3%,2.0,7.3,10.0,58.26%,6.5,8.8,10.0,82.58%,8.3,9.3,10.0,84.55%,8.5,9.4,8.8,1.0,0.1,x,0.6,4.7,1.6,8.8,3.3,4.6,3.3,1.7,0.8,3.5,0.0,0.4,0.01%,9.2,0.0,4.6,2.8,5.8,4.0,10.0,9.7,9.9,,
Brunei Darussalam,BRN,0.1,0.1,0.1,2.7,0.1,0.0,0.0,0.0,2.3,0.0,0.00%,0.00%,0.5077%,0.00%,0.00%,0.00%,0.04%,0.00%,0.0,0.0,0.0,6.4,3.4,0.0,0.0,0.0,4.2,0.0,0.0,0.1,0.1,0.0,0.0,0.0,0.0,0.1,4.8,1.9,0.0,3.3,0.0,5.0,2.5,0.0,0.00%,0.0,0.0,x,x,x,x,x,x,x,x,x,x,x,x,0.0,0.0,0.0%,0.0,0.0,6.5,83.57%,9.3,8.2,6.6,95.86%,9.6,8.5,6.6,91.67%,9.2,8.2,7.2,0.1,0.0,x,0.1,6.4,2.3,7.9,x,5.5,3.7,2.4,1.2,4.0,0.0,0.0,0.01%,8.7,x,8.7,4.2,4.2,2.6,0.0,0.0,0.0,,
Bulgaria,BGR,6.9,0.1,4.3,4.8,0.0,0.0,0.0,0.0,3.5,0.0,0.20%,0.00%,0.2790%,0.00%,0.00%,0.00%,0.01%,0.00%,10.0,0.0,7.6,5.4,0.0,0.0,0.0,0.0,2.3,0.0,1.0,8.5,0.1,0.0,0.0,0.0,0.0,6.2,5.1,0.0,0.0,2.9,0.5,5.8,3.2,8.2,87.75%,9.7,9.1,x,x,x,x,x,x,x,x,x,x,x,x,9.1,0.0,0.0%,0.0,0.0,0.0,0.00%,0.0,0.0,0.0,0.00%,0.0,0.0,0.0,0.00%,0.0,0.0,0.0,1.5,0.2,x,0.9,6.0,0.0,7.7,0.8,3.6,2.7,0.0,0.0,2.4,0.0,0.6,0.04%,6.1,2.0,4.1,2.4,4.8,3.5,0.1,0.0,0.1,,
Burkina Faso,BFA,0.1,0.1,0.1,3.4,0.0,0.0,0.0,0.0,0.0,10.0,0.00%,0.00%,0.0185%,0.00%,0.00%,0.00%,0.00%,1.91%,0.0,0.0,0.0,0.9,0.0,0.0,0.0,0.0,0.0,6.4,7.6,0.1,0.1,0.0,0.0,0.0,8.8,0.1,2.2,0.0,0.0,0.0,8.2,4.2,6.2,8.6,46.20%,5.1,7.2,0.0,0.00%,0.0,0.0,8.3,3.77%,3.8,6.6,0.0,0.00%,0.0,0.0,4.3,9.1,100.0%,10.0,9.6,8.1,18.56%,2.1,5.9,9.1,99.39%,9.9,9.6,9.1,95.20%,9.5,9.3,9.0,8.4,8.4,9.1,8.6,6.4,9.0,3.3,9.8,7.1,7.6,9.8,6.2,7.4,10.0,9.0,0.01%,9.1,4.0,6.6,7.7,7.5,3.0,10.0,10.0,10.0,,
Burundi,BDI,7.3,0.1,4.6,3.4,0.0,0.0,0.0,0.0,0.0,9.9,0.14%,0.00%,0.0311%,0.00%,0.00%,0.00%,0.00%,0.64%,7.1,0.0,4.4,1.7,0.0,0.0,0.0,0.0,0.0,2.1,5.7,7.2,0.1,0.0,0.0,0.0,7.8,4.5,2.6,0.0,0.0,0.0,6.8,0.8,3.8,8.1,32.42%,3.6,6.4,7.5,2.27%,4.5,6.2,0.0,0.00%,0.0,0.0,8.9,15.49%,8.4,8.7,6.1,8.8,100.0%,10.0,9.5,8.6,71.17%,7.9,8.3,8.3,50.79%,5.1,7.0,8.0,30.66%,3.1,6.1,8.0,6.0,6.3,9.4,7.2,9.0,10.0,1.5,7.1,6.9,7.0,4.1,7.0,6.5,0.5,5.6,0.01%,8.6,6.0,7.3,6.5,7.0,3.0,7.0,6.0,6.5,,
Cabo Verde,CPV,0.1,0.1,0.1,0.0,0.0,0.0,0.0,0.0,0.0,6.6,0.00%,0.00%,0.0000%,0.00%,0.00%,0.00%,0.00%,0.74%,0.0,0.0,0.0,0.0,0.0,0.0,0.0,0.0,0.0,2.5,4.8,0.1,0.1,0.0,0.0,0.0,4.9,0.1,0.0,0.0,0.0,0.0,4.9,x,4.9,6.1,32.91%,3.7,5.0,x,x,x,x,x,x,x,x,x,x,x,x,5.0,6.0,26.0%,2.6,4.5,0.0,0.00%,0.0,0.0,6.7,77.20%,7.7,7.2,6.7,81.59%,8.2,7.5,5.4,1.9,1.7,x,1.8,7.2,3.1,6.8,x,5.7,4.4,5.2,1.2,4.7,2.8,2.1,0.01%,9.2,2.0,5.6,4.1,4.7,1.7,0.1,0.0,0.1,,
Cambodia,KHM,0.1,0.1,0.1,8.1,3.0,5.6,0.0,3.3,4.7,10.0,0.00%,0.00%,2.7199%,0.00%,0.08%,0.00%,0.01%,1.51%,0.0,0.0,0.0,9.2,2.6,0.1,0.0,0.1,2.7,5.0,4.8,0.1,0.1,2.9,0.0,1.6,8.5,0.1,8.7,2.8,1.8,3.8,6.7,1.7,4.2,8.2,34.59%,3.8,6.5,x,x,x,x,x,x,x,x,x,x,x,x,6.5,8.7,71.1%,7.1,8.0,8.5,56.21%,6.2,7.5,8.9,97.34%,9.7,9.3,8.9,99.25%,9.9,9.5,8.7,2.6,3.7,1.7,2.7,6.6,5.7,2.6,6.5,5.4,4.5,4.7,3.5,4.9,4.0,3.0,0.08%,2.5,4.0,3.3,3.7,6.3,4.6,0.5,0.0,0.3,,
Cameroon,CMR,0.1,0.1,0.1,6.9,0.0,0.0,0.0,0.0,3.9,9.7,0.00%,0.00%,0.5025%,0.00%,0.00%,0.00%,0.00%,0.25%,0.0,0.0,0.0,6.4,0.0,0.0,0.0,0.0,1.0,0.8,4.8,0.1,0.1,0.0,0.0,0.0,7.3,0.1,6.7,0.0,0.0,2.6,6.1,1.7,3.9,8.7,42.83%,4.8,7.2,9.1,9.77%,10.0,9.6,8.8,6.50%,6.5,7.8,9.6,18.95%,8.6,9.2,8.6,9.2,100.0%,10.0,9.7,8.9,60.97%,6.8,8.0,9.2,93.33%,9.3,9.3,9.2,96.99%,9.7,9.5,9.2,6.3,5.1,6.3,5.9,5.9,7.2,5.9,7.5,6.6,6.4,3.6,6.8,6.2,1.4,4.8,0.02%,8.2,6.0,7.1,6.0,7.8,3.7,9.9,8.0,9.2,,
Canada,CAN,7.6,5.7,6.8,7.4,6.2,6.7,0.0,4.1,6.6,0.0,0.06%,0.00%,0.6275%,0.00%,0.11%,0.00%,0.04%,0.00%,3.1,0.2,1.8,6.7,5.2,0.1,0.0,0.1,4.0,0.0,0.0,5.4,3.0,3.4,0.0,1.9,0.0,4.8,7.1,5.7,2.3,5.4,0.0,4.2,2.1,x,x,x,x,x,x,x,x,x,x,x,x,x,x,x,x,x,0.0,0.0%,0.0,0.0,0.0,0.00%,0.0,0.0,0.0,0.00%,0.0,0.0,0.0,0.00%,0.0,0.0,0.0,0.2,0.1,x,0.2,2.1,6.1,8.2,1.1,4.4,3.0,0.1,0.0,2.9,0.0,0.1,0.04%,6.0,0.0,3.0,2.0,1.7,4.4,0.1,0.0,0.1,,
Central African Republic,CAF,0.1,0.1,0.1,5.4,0.0,0.0,0.0,0.0,0.0,9.5,0.00%,0.00%,0.5595%,0.00%,0.00%,0.00%,0.00%,1.07%,0.0,0.0,0.0,6.5,0.0,0.0,0.0,0.0,0.0,3.6,1.0,0.1,0.1,0.0,0.0,0.0,7.6,0.1,6.0,0.0,0.0,0.0,4.3,1.7,3.0,7.5,31.45%,3.5,5.9,8.3,17.26%,10.0,9.3,4.1,0.05%,0.0,2.3,8.4,19.03%,8.6,8.5,7.3,8.2,100.0%,10.0,9.3,8.2,97.50%,10.0,9.3,8.2,100.00%,10.0,9.3,8.2,100.33%,10.0,9.3,9.3,9.6,10.0,7.8,9.1,3.1,8.0,4.4,9.0,6.1,7.1,7.7,9.0,6.9,8.3,8.9,0.00%,9.6,x,9.6,8.5,8.2,3.3,9.8,7.5,8.9,,
Chad,TCD,0.1,0.1,0.1,7.7,0.0,0.0,0.0,0.0,0.0,10.0,0.00%,0.00%,1.7232%,0.00%,0.00%,0.00%,0.00%,1.44%,0.0,0.0,0.0,8.4,0.0,0.0,0.0,0.0,0.0,4.8,6.7,0.1,0.1,0.0,0.0,0.0,8.5,0.1,8.1,0.0,0.0,0.0,7.6,4.2,5.9,8.4,37.21%,4.1,6.8,0.0,0.00%,0.0,0.0,4.6,0.03%,0.0,2.6,0.0,0.00%,0.0,0.0,2.9,9.0,98.9%,9.9,9.5,7.5,9.43%,1.0,5.1,8.9,97.30%,9.7,9.3,8.8,81.83%,8.2,8.5,8.5,9.7,8.0,7.4,8.4,3.8,8.7,2.4,9.9,6.2,6.9,9.1,8.8,7.1,10.0,8.8,0.00%,9.9,8.0,9.0,8.3,7.1,4.0,9.6,5.9,8.3,,
Chile,CHL,8.3,9.6,9.1,5.8,8.5,0.0,0.0,0.0,3.8,0.0,0.21%,0.20%,0.2565%,0.00%,0.00%,0.00%,0.00%,0.00%,10.0,10.0,10.0,5.2,8.6,0.0,0.0,0.0,1.4,0.0,1.0,9.2,9.8,0.0,0.0,0.0,0.0,9.6,5.5,8.6,0.0,2.7,0.5,0.0,0.3,x,x,x,x,x,x,x,x,x,x,x,x,x,x,x,x,x,0.0,0.0%,0.0,0.0,0.0,0.00%,0.0,0.0,6.8,3.01%,0.3,4.3,2.8,0.00%,0.0,1.5,1.6,0.0,0.0,x,0.0,4.7,0.5,8.8,2.6,4.2,2.8,0.8,0.0,2.9,0.0,0.0,0.01%,9.3,0.0,4.7,2.5,2.3,5.4,0.2,0.0,0.1,,
China,CHN,10.0,7.0,9.0,10.0,10.0,10.0,10.0,10.0,10.0,10.0,0.06%,0.00%,1.5178%,0.00%,2.02%,0.03%,0.48%,0.92%,3.1,0.0,1.7,8.2,7.0,2.2,0.2,1.3,7.2,3.1,10.0,6.6,3.5,6.1,5.1,5.6,8.1,6.7,9.3,9.0,7.8,9.0,9.1,0.0,4.6,9.6,3.98%,0.4,7.1,x,x,x,x,x,x,x,x,x,x,x,x,7.1,0.0,0.0%,0.0,0.0,10.0,13.99%,1.6,7.9,10.0,58.10%,5.8,8.7,10.0,25.89%,2.6,8.0,7.1,0.5,0.4,0.3,0.4,7.3,2.9,6.5,x,5.6,3.9,2.9,0.0,3.9,0.0,0.3,0.08%,2.4,2.0,2.2,2.1,5.4,7.8,1.8,0.0,0.9,,
Colombia,COL,9.4,9.6,9.5,7.5,8.6,6.4,6.6,6.5,7.4,6.1,0.20%,0.08%,0.5026%,0.00%,0.06%,0.00%,0.06%,0.01%,9.8,3.9,8.0,6.4,7.6,0.1,0.0,0.1,4.7,0.0,1.9,9.6,6.8,3.3,3.3,3.3,3.6,8.9,7.0,8.1,4.0,6.2,2.8,0.8,1.8,x,x,x,x,x,x,x,x,x,x,x,x,x,x,x,x,x,8.7,22.1%,2.2,6.5,9.3,59.40%,6.6,8.3,9.3,61.35%,6.1,8.1,9.4,69.66%,7.0,8.5,7.9,0.6,0.4,3.0,1.3,5.6,1.6,8.2,3.8,4.8,3.6,1.1,1.1,3.6,0.8,1.2,0.06%,4.3,2.0,3.2,2.7,5.2,6.4,9.9,7.5,9.0,,
Comoros,COM,0.1,0.1,0.1,0.0,0.6,4.4,0.0,2.5,2.3,0.0,0.00%,0.00%,0.0000%,0.00%,0.49%,0.00%,0.02%,0.00%,0.0,0.0,0.0,0.0,3.2,0.5,0.0,0.3,3.4,0.0,0.0,0.1,0.1,2.5,0.0,1.3,0.0,0.1,0.0,2.0,1.5,2.9,0.0,0.0,0.0,5.7,10.87%,1.2,3.8,0.0,0.00%,0.0,0.0,0.0,0.00%,0.0,0.0,0.7,0.00%,0.9,0.8,1.3,7.1,100.0%,10.0,9.0,6.8,69.55%,7.7,7.3,6.8,69.48%,6.9,6.9,6.9,83.99%,8.4,7.7,7.8,7.1,3.3,x,5.2,8.8,5.4,3.0,8.4,6.4,6.0,5.4,5.5,6.1,0.2,3.5,0.00%,9.7,6.0,7.9,5.8,5.7,2.0,0.2,0.0,0.1,,
Congo,COG,0.1,0.1,0.1,6.6,0.0,0.0,0.0,0.0,2.6,0.0,0.00%,0.00%,1.6625%,0.00%,0.00%,0.00%,0.00%,0.00%,0.0,0.0,0.0,8.3,0.0,0.0,0.0,0.0,1.4,0.0,0.0,0.1,0.1,0.0,0.0,0.0,0.0,0.1,7.6,0.0,0.0,2.0,0.0,1.7,0.9,7.9,53.94%,6.0,7.1,7.8,8.15%,10.0,9.2,4.3,0.06%,0.1,2.5,7.3,3.71%,7.1,7.2,7.1,8.3,100.0%,10.0,9.3,8.2,86.89%,9.7,9.1,8.3,98.74%,9.9,9.3,8.3,98.66%,9.9,9.3,9.3,8.8,4.3,5.2,6.1,4.1,5.8,6.9,5.5,5.6,5.8,8.4,6.1,6.1,2.8,5.3,0.01%,9.5,6.0,7.8,6.4,7.4,3.4,1.2,0.0,0.6,,
Congo DR,COD,8.8,0.1,6.1,7.9,0.0,0.0,0.0,0.0,1.9,10.0,0.06%,0.00%,0.3766%,0.00%,0.00%,0.00%,0.00%,0.70%,3.0,0.0,1.6,5.9,0.0,0.0,0.0,0.0,0.0,2.3,1.0,5.9,0.1,0.0,0.0,0.0,8.0,4.2,7.0,0.0,0.0,1.0,4.5,0.0,2.3,9.5,42.22%,4.7,7.9,10.0,20.89%,10.0,10.0,0.0,0.00%,0.0,0.0,10.0,24.06%,8.8,9.5,8.3,10.0,100.0%,10.0,10.0,9.9,83.16%,9.2,9.6,9.9,86.55%,8.7,9.4,10.0,90.39%,9.0,9.6,9.7,9.3,10.0,8.1,9.1,5.4,9.0,4.7,7.9,6.8,7.6,8.7,8.7,7.4,3.9,7.8,0.00%,9.6,8.0,8.8,8.0,8.5,4.1,10.0,10.0,10.0,,
Costa Rica,CRI,6.6,8.1,7.4,2.6,7.5,4.3,0.0,2.4,4.4,0.0,0.21%,0.21%,0.0397%,0.00%,0.08%,0.00%,0.03%,0.00%,10.0,10.0,10.0,2.1,8.9,0.1,0.0,0.1,3.8,0.0,3.8,8.3,9.1,2.2,0.0,1.2,0.0,9.1,2.4,8.3,1.3,4.1,1.9,0.0,1.0,x,x,x,x,x,x,x,x,x,x,x,x,x,x,x,x,x,7.5,35.0%,3.5,5.9,8.0,73.10%,8.1,8.1,7.4,27.60%,2.8,5.6,8.1,88.93%,8.9,8.5,7.2,0.2,0.0,1.4,0.5,6.7,2.6,8.3,3.0,5.2,3.6,0.4,0.2,3.5,0.0,0.4,0.02%,8.5,2.0,5.3,3.1,4.9,5.3,0.1,0.0,0.1,,
Côte d'Ivoire,CIV,0.1,0.1,0.1,5.5,1.5,0.0,0.0,0.0,3.5,0.0,0.00%,0.00%,0.1179%,0.00%,0.00%,0.00%,0.00%,0.00%,0.0,0.0,0.0,3.9,0.3,0.0,0.0,0.0,0.5,0.0,0.0,0.1,0.1,0.0,0.0,0.0,0.0,0.1,4.8,0.9,0.0,2.1,0.0,1.7,0.9,8.5,30.34%,3.4,6.6,8.1,2.56%,5.1,6.9,10.0,56.82%,10.0,10.0,7.4,1.00%,6.0,6.8,8.0,9.2,100.0%,10.0,9.7,9.2,87.53%,9.7,9.5,9.2,90.41%,9.0,9.1,9.2,99.71%,10.0,9.7,9.5,7.0,4.5,7.8,6.4,6.5,6.8,5.3,6.4,6.3,6.3,5.4,6.3,6.1,7.1,6.6,0.00%,9.8,x,9.8,7.5,8.1,3.1,0.6,0.0,0.3,,
Croatia,HRV,6.2,0.1,3.8,5.7,5.0,0.0,0.0,0.0,5.0,0.0,0.19%,0.00%,1.1291%,0.00%,0.00%,0.00%,0.07%,0.00%,9.6,0.0,7.0,7.7,6.5,0.0,0.0,0.0,4.9,0.0,1.0,7.9,0.1,0.0,0.0,0.0,0.0,5.6,6.8,5.8,0.0,5.0,0.5,5.8,3.2,4.3,0.25%,0.0,2.4,x,x,x,x,x,x,x,x,x,x,x,x,2.4,0.0,0.0%,0.0,0.0,0.0,0.00%,0.0,0.0,1.6,0.00%,0.0,0.8,5.6,2.07%,0.2,3.4,1.2,0.4,0.1,x,0.3,6.1,1.1,5.9,2.0,3.8,2.6,0.1,0.0,2.5,0.0,0.2,0.05%,5.2,2.0,3.6,2.1,2.1,4.4,0.1,0.0,0.1,,
Cuba,CUB,6.7,6.0,6.4,1.0,3.2,9.3,9.6,9.5,6.2,8.5,0.10%,0.01%,0.0035%,0.00%,5.21%,0.81%,0.09%,0.24%,5.0,0.7,3.1,0.0,3.2,5.8,4.1,5.0,5.1,0.8,4.8,5.9,3.4,7.6,6.9,7.3,5.9,5.0,0.5,3.2,8.0,5.7,5.4,2.5,4.0,x,x,x,x,x,x,x,x,x,x,x,x,x,x,x,x,x,0.0,0.0%,0.0,0.0,8.6,90.29%,10.0,9.4,8.6,97.34%,9.7,9.2,8.6,95.04%,9.5,9.1,8.2,0.9,0.9,0.7,0.8,6.8,0.0,7.8,1.8,4.1,3.0,1.2,0.0,2.9,0.1,0.7,0.10%,0.2,x,0.2,1.3,5.0,4.9,0.2,0.0,0.1,,
Cyprus,CYP,4.7,5.7,5.2,0.0,2.6,0.0,0.0,0.0,2.5,0.0,0.19%,0.10%,0.0000%,0.00%,0.00%,0.00%,0.02%,0.00%,9.6,5.0,8.1,0.0,5.1,0.0,0.0,0.0,3.2,0.0,1.9,7.2,5.4,0.0,0.0,0.0,0.0,6.9,0.0,4.0,0.0,2.9,1.0,4.2,2.6,0.0,0.00%,0.0,0.0,x,x,x,x,x,x,x,x,x,x,x,x,0.0,0.0,0.0%,0.0,0.0,5.2,3.18%,0.4,3.2,7.2,80.46%,8.0,7.6,4.2,0.67%,0.1,2.4,3.9,0.1,0.0,x,0.1,7.1,1.6,6.7,1.9,4.3,2.9,0.0,0.3,2.9,0.0,0.0,0.01%,9.2,0.0,4.6,2.5,2.4,3.0,0.0,0.0,0.0,,
Czech Republic,CZE,1.4,0.1,0.8,5.5,0.0,0.0,0.0,0.0,0.0,0.0,0.00%,0.00%,0.3523%,0.00%,0.00%,0.00%,0.00%,0.00%,0.1,0.0,0.1,5.8,0.0,0.0,0.0,0.0,0.0,0.0,0.0,0.8,0.1,0.0,0.0,0.0,0.0,0.5,5.7,0.0,0.0,0.0,0.0,2.5,1.3,0.0,0.00%,0.0,0.0,x,x,x,x,x,x,x,x,x,x,x,x,0.0,0.0,0.0%,0.0,0.0,0.0,0.00%,0.0,0.0,0.0,0.00%,0.0,0.0,0.0,0.00%,0.0,0.0,0.0,0.1,0.0,x,0.1,7.1,4.2,7.5,1.0,5.0,3.4,0.0,0.0,3.3,0.0,0.0,0.04%,6.3,x,6.3,3.2,1.8,1.6,0.1,0.0,0.1,,
Denmark,DNK,0.1,0.1,0.1,0.0,0.0,0.0,0.0,0.0,7.1,0.0,0.00%,0.00%,0.0000%,0.00%,0.00%,0.00%,0.40%,0.00%,0.0,0.0,0.0,0.0,0.0,0.0,0.0,0.0,7.0,0.0,1.0,0.1,0.1,0.0,0.0,0.0,0.0,0.1,0.0,0.0,0.0,7.1,0.5,5.8,3.2,0.0,0.00%,0.0,0.0,x,x,x,x,x,x,x,x,x,x,x,x,0.0,0.0,0.0%,0.0,0.0,0.0,0.00%,0.0,0.0,0.0,0.00%,0.0,0.0,0.0,0.00%,0.0,0.0,0.0,0.0,0.0,x,0.0,7.2,1.8,8.8,x,5.9,3.9,0.0,0.1,3.6,0.0,0.0,0.03%,6.7,0.0,3.4,2.3,1.7,2.2,0.1,0.0,0.1,,
Djibouti,DJI,4.6,0.1,2.6,0.0,3.5,0.0,0.0,0.0,3.7,8.8,0.20%,0.00%,0.0000%,0.00%,0.00%,0.00%,0.07%,2.79%,9.8,0.0,7.3,0.0,6.1,0.0,0.0,0.0,4.8,9.3,6.7,7.2,0.1,0.0,0.0,0.0,9.1,5.4,0.0,4.9,0.0,4.3,7.9,x,7.9,6.4,26.38%,2.9,4.9,0.0,0.00%,0.0,0.0,0.0,0.00%,0.0,0.0,0.0,0.00%,0.0,0.0,1.5,7.1,75.0%,7.5,7.3,6.3,22.84%,2.5,4.7,7.2,88.49%,8.8,8.1,7.1,81.85%,8.2,7.7,7.1,3.7,4.0,x,3.9,5.6,3.2,7.9,9.7,6.6,5.7,5.4,3.2,5.8,5.3,4.3,0.01%,8.7,8.0,8.4,6.2,5.5,4.5,0.3,0.0,0.2,,
Dominica,DMA,1.1,0.1,0.6,0.0,2.0,4.9,6.4,5.7,0.0,0.0,0.18%,0.00%,0.0000%,0.00%,9.89%,1.52%,0.03%,0.00%,8.8,0.0,6.0,0.0,7.6,10.0,7.6,9.1,3.7,0.0,0.0,5.0,0.1,7.5,7.0,7.3,0.0,3.8,0.0,5.5,7.8,2.0,0.0,x,0.0,x,x,x,x,x,x,x,x,x,x,x,x,x,x,x,x,x,0.0,0.0%,0.0,0.0,5.1,52.96%,5.9,5.5,5.3,65.39%,6.5,5.9,5.4,76.31%,7.6,6.6,4.9,2.2,0.8,x,1.5,6.6,1.7,7.2,x,5.2,4.0,x,0.3,4.0,1.9,1.6,x,x,x,x,2.8,4.0,3.8,0.0,0.0,0.0,,
Dominican Republic,DOM,7.6,8.9,8.3,3.0,5.0,9.9,10.0,10.0,5.4,0.0,0.21%,0.19%,0.0264%,0.00%,9.47%,2.63%,0.04%,0.00%,10.0,9.5,9.8,1.4,5.2,10.0,10.0,10.0,4.1,0.0,0.0,8.8,9.2,10.0,10.0,10.0,0.0,9.2,2.2,5.1,10.0,4.8,0.0,0.8,0.4,x,x,x,x,x,x,x,x,x,x,x,x,x,x,x,x,x,8.3,55.1%,5.5,7.1,8.4,68.31%,7.6,8.0,8.5,78.97%,7.9,8.2,8.6,92.48%,9.2,8.9,8.1,1.3,0.5,5.2,2.3,7.9,3.3,8.4,2.7,5.6,4.5,1.2,2.5,4.3,0.6,1.9,0.01%,9.2,2.0,5.6,3.9,5.9,6.6,0.2,0.0,0.1,,
Ecuador,ECU,8.2,9.5,8.9,6.5,8.9,0.0,0.0,0.0,5.8,6.5,0.21%,0.20%,0.5303%,0.01%,0.00%,0.00%,0.04%,0.02%,10.0,10.0,10.0,6.4,9.1,0.0,0.0,0.0,3.9,0.1,2.9,9.1,9.8,0.0,0.0,0.0,4.0,9.5,6.5,9.0,0.0,4.9,3.5,3.3,3.4,x,x,x,x,x,x,x,x,x,x,x,x,x,x,x,x,x,8.6,56.7%,5.7,7.4,8.5,45.89%,5.1,7.1,8.5,44.96%,4.5,7.0,8.6,59.89%,6.0,7.5,7.3,0.9,0.7,1.3,1.0,6.2,2.8,6.5,4.4,5.0,3.7,6.4,1.7,4.7,0.2,0.8,0.02%,8.1,2.0,5.1,3.5,5.1,6.4,5.5,4.4,5.0,,
Egypt,EGY,9.2,0.0,6.5,10.0,6.8,0.0,0.0,0.0,10.0,0.0,0.07%,0.00%,3.8318%,0.00%,0.00%,0.00%,0.42%,0.00%,3.6,0.0,2.0,9.7,4.7,0.0,0.0,0.0,7.0,0.0,0.0,6.4,0.0,0.0,0.0,0.0,0.0,4.6,9.9,5.9,0.0,9.0,0.0,4.2,2.1,9.1,22.01%,2.4,6.9,0.0,0.00%,0.0,0.0,0.0,0.00%,0.0,0.0,0.0,0.00%,0.0,0.0,2.4,0.0,0.0%,0.0,0.0,5.6,0.08%,0.0,3.3,8.5,7.77%,0.8,5.9,8.2,4.98%,0.5,5.6,4.0,0.3,0.2,1.0,0.5,6.8,3.7,4.3,5.3,5.0,3.5,0.4,3.4,4.0,0.0,0.4,0.06%,4.0,2.0,3.0,2.5,3.1,6.2,6.5,2.2,4.7,,
El Salvador,SLV,6.9,8.3,7.7,3.6,7.0,4.1,0.0,2.3,4.7,9.1,0.21%,0.21%,0.0844%,0.00%,0.05%,0.00%,0.03%,0.66%,10.0,10.0,10.0,3.4,8.1,0.1,0.0,0.1,3.9,2.2,5.7,8.5,9.2,2.1,0.0,1.1,6.9,9.2,3.5,7.6,1.3,4.3,6.3,0.8,3.6,x,x,x,x,x,x,x,x,x,x,x,x,x,x,x,x,x,0.0,0.0%,0.0,0.0,8.3,97.19%,10.0,9.3,8.1,71.73%,7.2,7.7,8.3,97.20%,9.7,9.1,7.7,1.4,0.2,0.9,0.8,8.3,2.6,7.5,4.8,5.8,4.1,1.8,1.8,4.5,0.0,0.6,0.00%,9.8,0.0,4.9,3.3,5.4,5.6,0.9,0.0,0.5,,
Equatorial Guinea,GNQ,0.1,0.1,0.1,1.6,0.0,0.0,0.0,0.0,1.9,0.0,0.00%,0.00%,0.0436%,0.00%,0.00%,0.00%,0.01%,0.00%,0.0,0.0,0.0,2.3,0.0,0.0,0.0,0.0,2.0,0.0,0.0,0.1,0.1,0.0,0.0,0.0,0.0,0.1,2.0,0.0,0.0,2.0,0.0,5.8,2.9,2.9,0.06%,0.0,1.6,6.5,4.63%,9.3,8.2,0.0,0.00%,0.0,0.0,6.6,4.92%,7.4,7.0,5.1,7.5,100.0%,10.0,9.1,7.3,79.13%,8.8,8.1,7.5,95.69%,9.6,8.8,7.4,92.43%,9.2,8.4,8.6,3.7,5.9,x,4.8,5.9,5.9,7.4,x,6.4,5.9,7.2,5.7,6.4,1.0,3.5,0.00%,9.8,8.0,8.9,6.3,6.7,2.3,0.2,0.0,0.1,,
Eritrea,ERI,5.6,0.1,3.3,1.6,0.0,0.0,0.0,0.0,4.1,10.0,0.12%,0.00%,0.0188%,0.00%,0.00%,0.00%,0.03%,4.19%,6.2,0.0,3.7,0.9,0.0,0.0,0.0,0.0,3.9,10.0,2.9,5.9,0.1,0.0,0.0,0.0,10.0,3.5,1.3,0.0,0.0,4.0,6.5,6.7,6.6,7.5,47.69%,5.3,6.5,0.0,0.00%,0.0,0.0,0.0,0.00%,0.0,0.0,0.0,0.00%,0.0,0.0,2.2,8.0,100.0%,10.0,9.3,6.8,16.31%,1.8,4.8,7.7,67.54%,6.8,7.3,7.3,35.85%,3.6,5.8,7.2,9.8,8.0,x,8.9,4.9,6.5,4.3,x,5.2,6.4,5.4,5.5,5.3,10.0,9.3,0.01%,9.0,4.0,6.5,7.0,6.0,3.5,0.8,0.0,0.4,,
Estonia,EST,0.1,0.1,0.1,4.0,0.0,0.0,0.0,0.0,1.9,0.0,0.00%,0.00%,0.6010%,0.00%,0.00%,0.00%,0.01%,0.00%,0.0,0.0,0.0,6.6,0.0,0.0,0.0,0.0,2.3,0.0,0.0,0.1,0.1,0.0,0.0,0.0,0.0,0.1,5.4,0.0,0.0,2.1,0.0,0.0,0.0,0.0,0.00%,0.0,0.0,x,x,x,x,x,x,x,x,x,x,x,x,0.0,0.0,0.0%,0.0,0.0,0.0,0.00%,0.0,0.0,0.0,0.00%,0.0,0.0,0.0,0.00%,0.0,0.0,0.0,0.1,0.0,x,0.1,5.0,3.1,7.0,0.7,4.0,2.7,0.0,0.0,2.6,0.0,0.0,0.02%,7.8,2.0,4.9,2.5,1.4,1.5,0.1,0.0,0.1,,
Eswatini,SWZ,0.1,0.1,0.1,1.3,0.0,0.5,0.0,0.3,0.0,9.6,0.00%,0.00%,0.0450%,0.00%,0.01%,0.00%,0.00%,5.50%,0.0,0.0,0.0,2.3,0.0,0.0,0.0,0.0,0.0,10.0,4.8,0.1,0.1,0.3,0.0,0.2,9.8,0.1,1.8,0.0,0.2,0.0,7.3,2.5,4.9,4.2,0.69%,0.1,2.4,0.0,0.00%,0.0,0.0,0.0,0.00%,0.0,0.0,3.2,0.07%,3.7,3.5,1.6,6.5,28.0%,2.8,4.9,3.8,0.36%,0.0,2.1,7.0,63.61%,6.4,6.7,5.6,7.32%,0.7,3.5,4.5,4.0,4.4,7.6,5.3,6.1,3.3,2.5,5.1,4.3,4.6,1.9,4.3,3.9,0.1,4.0,0.06%,3.5,6.0,4.8,4.2,3.8,1.8,1.2,1.4,1.3,,
Ethiopia,ETH,9.2,0.1,6.5,6.5,0.0,0.0,0.0,0.0,0.0,10.0,0.07%,0.00%,0.0780%,0.00%,0.00%,0.00%,0.00%,1.92%,3.3,0.0,1.8,3.2,0.0,0.0,0.0,0.0,0.0,6.4,10.0,6.3,0.1,0.0,0.0,0.0,8.8,4.6,5.1,0.0,0.0,0.0,9.4,0.8,5.1,9.7,47.82%,5.3,8.2,7.1,0.15%,0.3,4.5,0.0,0.00%,0.0,0.0,10.0,12.50%,8.2,9.3,6.7,9.9,68.0%,6.8,8.8,8.9,12.93%,1.4,6.5,9.4,31.15%,3.1,7.4,9.5,32.03%,3.2,7.5,7.7,10.0,8.1,9.2,9.1,6.8,9.4,2.3,6.8,6.3,7.2,7.1,6.5,6.5,5.9,8.3,0.01%,8.9,6.0,7.5,7.4,7.3,3.7,10.0,9.6,9.8,,
Fiji,FJI,3.9,0.1,2.2,0.0,5.3,7.1,7.6,7.4,6.0,7.4,0.13%,0.00%,0.0000%,0.00%,7.36%,0.63%,0.86%,1.00%,6.4,0.0,3.9,0.0,8.4,8.2,3.2,6.3,7.9,3.3,1.9,5.2,0.1,7.7,5.4,6.7,5.7,3.1,0.0,7.1,6.9,7.1,3.8,1.7,2.8,0.0,0.00%,0.0,0.0,x,x,x,x,x,x,x,x,x,x,x,x,0.0,0.0,0.0%,0.0,0.0,6.8,61.09%,6.8,6.8,6.7,54.44%,5.4,6.1,7.0,85.81%,8.6,7.9,5.8,0.8,0.8,1.3,1.0,5.7,3.1,5.9,6.4,5.3,3.9,1.0,2.5,4.1,0.0,0.7,0.02%,7.6,x,7.6,4.1,3.7,4.9,0.0,0.0,0.0,,
Finland,FIN,0.1,0.1,0.1,5.5,0.0,0.0,0.0,0.0,5.5,0.0,0.00%,0.00%,0.6505%,0.00%,0.00%,0.00%,0.09%,0.00%,0.0,0.0,0.0,6.8,0.0,0.0,0.0,0.0,5.1,0.0,0.0,0.1,0.1,0.0,0.0,0.0,0.0,0.1,6.2,0.0,0.0,5.3,0.0,3.3,1.7,0.0,0.00%,0.0,0.0,x,x,x,x,x,x,x,x,x,x,x,x,0.0,0.0,0.0%,0.0,0.0,0.0,0.00%,0.0,0.0,0.0,0.00%,0.0,0.0,0.0,0.00%,0.0,0.0,0.0,0.1,0.0,x,0.1,4.2,1.2,8.6,0.2,3.6,2.4,0.0,0.0,2.4,0.0,0.0,0.02%,8.5,0.0,4.3,2.2,1.2,2.5,0.0,0.0,0.0,,
France,FRA,7.2,0.1,4.5,8.0,3.4,0.0,0.0,0.0,8.5,0.0,0.03%,0.00%,0.6780%,0.00%,0.00%,0.00%,0.15%,0.00%,1.3,0.0,0.7,6.9,1.6,0.0,0.0,0.0,5.8,0.0,3.8,4.3,0.1,0.0,0.0,0.0,0.0,2.8,7.5,2.5,0.0,7.4,1.9,1.7,1.8,0.0,0.00%,0.0,0.0,x,x,x,x,x,x,x,x,x,x,x,x,0.0,0.0,0.0%,0.0,0.0,0.0,0.00%,0.0,0.0,0.0,0.00%,0.0,0.0,4.0,0.01%,0.0,2.2,0.6,0.2,0.0,x,0.1,7.0,1.2,8.2,0.6,4.3,2.9,0.0,0.0,2.8,0.0,0.1,0.03%,6.7,2.0,4.4,2.4,1.6,4.0,2.6,4.8,3.8,,
Gabon,GAB,0.1,0.1,0.1,4.5,0.0,0.0,0.0,0.0,4.9,0.0,0.00%,0.00%,0.5413%,0.00%,0.00%,0.00%,0.10%,0.00%,0.0,0.0,0.0,6.5,0.0,0.0,0.0,0.0,5.3,0.0,0.0,0.1,0.1,0.0,0.0,0.0,0.0,0.1,5.6,0.0,0.0,5.1,0.0,1.7,0.9,7.4,57.14%,6.3,6.9,8.0,24.10%,10.0,9.3,0.0,0.00%,0.0,0.0,7.7,16.39%,8.4,8.1,7.1,7.7,100.0%,10.0,9.2,7.6,86.09%,9.6,8.8,7.6,85.80%,8.6,8.1,7.7,93.28%,9.3,8.6,8.7,5.6,2.2,x,3.9,3.2,4.6,9.1,5.2,5.5,5.0,4.3,5.4,5.3,0.7,2.8,0.00%,9.7,8.0,8.9,5.7,6.9,3.2,0.1,0.0,0.1,,
Gambia,GMB,0.1,0.1,0.1,3.9,0.4,0.0,0.0,0.0,2.6,7.9,0.00%,0.00%,0.2528%,0.00%,0.00%,0.00%,0.01%,0.49%,0.0,0.0,0.0,5.2,1.7,0.0,0.0,0.0,2.3,1.6,2.9,0.1,0.1,0.0,0.0,0.0,5.6,0.1,4.6,1.1,0.0,2.5,4.3,1.7,3.0,7.3,44.33%,4.9,6.2,0.0,0.00%,0.0,0.0,3.5,0.04%,0.0,1.9,0.0,0.00%,0.0,0.0,2.5,7.8,100.0%,10.0,9.2,6.7,17.53%,1.9,4.7,7.8,96.12%,9.6,8.9,7.8,96.41%,9.6,8.9,8.3,5.8,2.4,8.7,5.6,8.1,6.8,6.4,10.0,7.8,7.1,4.1,6.0,6.9,0.0,4.2,0.01%,8.9,8.0,8.5,6.5,6.5,2.9,0.0,0.0,0.0,,
Georgia,GEO,6.2,6.1,6.2,5.2,0.0,0.0,0.0,0.0,5.9,8.2,0.21%,0.05%,0.6928%,0.00%,0.00%,0.00%,0.19%,0.53%,10.0,2.3,8.0,6.9,0.0,0.0,0.0,0.0,6.0,1.8,1.0,8.1,4.2,0.0,0.0,0.0,5.9,7.2,6.1,0.0,0.0,6.0,3.5,6.7,5.1,7.8,79.45%,8.8,8.3,x,x,x,x,x,x,x,x,x,x,x,x,8.3,0.0,0.0%,0.0,0.0,0.0,0.00%,0.0,0.0,5.2,1.14%,0.1,3.0,7.0,19.81%,2.0,5.0,2.3,1.5,0.8,0.8,1.0,6.0,4.0,6.1,3.6,4.9,3.6,0.8,0.7,3.5,0.0,0.8,0.05%,5.4,6.0,5.7,3.3,4.9,4.7,0.2,0.0,0.1,,
Germany,DEU,7.4,3.4,5.8,8.4,0.0,0.0,0.0,0.0,9.1,0.0,0.03%,0.00%,0.7548%,0.00%,0.00%,0.00%,0.21%,0.00%,1.3,0.0,0.7,7.0,0.0,0.0,0.0,0.0,6.2,0.0,0.0,4.4,1.7,0.0,0.0,0.0,0.0,3.7,7.8,0.0,0.0,8.0,0.0,2.5,1.3,0.0,0.00%,0.0,0.0,x,x,x,x,x,x,x,x,x,x,x,x,0.0,0.0,0.0%,0.0,0.0,0.0,0.00%,0.0,0.0,0.0,0.00%,0.0,0.0,0.0,0.00%,0.0,0.0,0.0,0.1,0.0,x,0.1,7.9,1.9,7.8,0.4,4.5,3.0,0.0,0.0,3.0,0.0,0.0,0.01%,9.1,2.0,5.6,2.9,1.6,4.0,0.1,0.0,0.1,,
Ghana,GHA,0.1,0.1,0.1,5.5,2.3,0.0,0.0,0.0,5.5,0.0,0.00%,0.00%,0.1011%,0.00%,0.00%,0.00%,0.01%,0.00%,0.0,0.0,0.0,3.7,1.0,0.0,0.0,0.0,2.8,0.0,0.0,0.1,0.1,0.0,0.0,0.0,0.0,0.1,4.7,1.7,0.0,4.3,0.0,2.5,1.3,8.9,48.29%,5.4,7.6,8.0,1.77%,3.5,6.2,10.0,34.84%,10.0,10.0,7.4,0.83%,5.8,6.7,8.1,9.3,100.0%,10.0,9.7,9.1,70.58%,7.8,8.5,9.3,88.90%,8.9,9.1,9.3,98.88%,9.9,9.6,9.3,7.9,1.9,5.8,5.2,7.2,5.9,5.9,4.6,5.9,5.7,3.7,4.9,5.4,5.7,5.3,0.00%,9.7,6.0,7.9,6.2,7.6,3.3,3.2,3.4,3.3,,
Greece,GRC,7.4,8.0,7.7,4.1,6.9,0.0,0.0,0.0,5.6,0.0,0.20%,0.10%,0.0893%,0.00%,0.00%,0.00%,0.05%,0.00%,10.0,4.9,8.5,3.5,7.5,0.0,0.0,0.0,4.4,0.0,1.0,8.7,6.5,0.0,0.0,0.0,0.0,8.1,3.8,7.2,0.0,5.0,0.5,3.3,1.9,8.4,71.27%,7.9,8.2,x,x,x,x,x,x,x,x,x,x,x,x,8.2,0.0,0.0%,0.0,0.0,0.0,0.00%,0.0,0.0,8.0,41.87%,4.2,6.5,6.3,2.38%,0.2,3.9,3.1,0.1,0.0,x,0.1,6.4,0.0,8.1,1.4,4.0,2.7,x,0.0,3.2,0.0,0.0,0.01%,9.1,2.0,5.6,2.9,4.8,4.9,0.1,0.0,0.1,,
Grenada,GRD,1.7,0.1,0.9,0.0,0.0,5.1,6.2,5.7,0.8,0.0,0.16%,0.00%,0.0000%,0.00%,7.39%,0.65%,0.04%,0.00%,8.1,0.0,5.3,0.0,0.0,8.2,3.2,6.3,3.9,0.0,1.0,4.9,0.1,6.7,4.7,5.8,0.0,3.4,0.0,0.0,6.0,2.5,0.5,x,0.5,x,x,x,x,x,x,x,x,x,x,x,x,x,x,x,x,x,0.0,0.0%,0.0,0.0,5.4,47.88%,5.3,5.4,5.8,88.90%,8.9,7.7,5.7,73.78%,7.4,6.6,5.5,0.9,0.7,x,0.8,8.5,2.2,3.7,x,4.8,3.5,x,0.6,3.8,1.2,0.9,x,x,x,x,2.4,3.9,2.6,0.0,0.0,0.0,,
Guatemala,GTM,8.2,9.5,8.9,4.8,6.8,5.9,6.2,6.1,4.7,10.0,0.21%,0.20%,0.0957%,0.00%,0.11%,0.00%,0.01%,0.88%,10.0,10.0,10.0,3.6,6.7,0.1,0.0,0.1,2.5,2.9,5.7,9.1,9.8,3.0,3.1,3.1,8.1,9.5,4.2,6.8,3.7,3.7,6.9,0.0,3.5,x,x,x,x,x,x,x,x,x,x,x,x,x,x,x,x,x,8.8,75.5%,7.5,8.2,8.3,37.25%,4.1,6.7,8.5,51.80%,5.2,7.2,8.5,46.85%,4.7,7.0,7.3,3.4,0.9,2.3,2.2,7.3,4.4,5.3,7.0,6.0,4.7,4.2,3.4,5.3,0.4,1.8,0.00%,9.7,4.0,6.9,4.7,5.7,5.9,0.6,0.0,0.3,,
Guinea,GIN,0.1,0.1,0.1,5.6,2.8,0.0,0.0,0.0,5.6,0.0,0.00%,0.00%,0.2741%,0.00%,0.00%,0.00%,0.04%,0.00%,0.0,0.0,0.0,5.3,2.6,0.0,0.0,0.0,4.0,0.0,1.0,0.1,0.1,0.0,0.0,0.0,0.0,0.1,5.5,2.7,0.0,4.9,0.5,0.8,0.7,8.0,27.48%,3.1,6.1,8.7,11.76%,10.0,9.5,9.8,53.74%,10.0,9.9,8.4,7.92%,7.8,8.1,8.8,8.8,100.0%,10.0,9.5,8.6,70.46%,7.8,8.2,8.8,93.24%,9.3,9.1,8.8,98.75%,9.9,9.4,9.1,7.6,4.8,7.9,6.8,5.8,6.9,3.8,10.0,6.6,6.7,4.9,6.7,6.4,2.4,5.7,x,x,6.0,6.0,6.0,7.9,3.7,1.4,0.0,0.7,,
Guinea-Bissau,GNB,0.1,0.1,0.1,2.4,0.0,0.0,0.0,0.0,2.1,6.4,0.00%,0.00%,0.0710%,0.00%,0.00%,0.00%,0.01%,0.17%,0.0,0.0,0.0,3.1,0.0,0.0,0.0,0.0,2.0,0.6,1.9,0.1,0.1,0.0,0.0,0.0,4.1,0.1,2.8,0.0,0.0,2.1,3.0,0.8,1.9,6.5,16.53%,1.8,4.6,0.0,0.00%,0.0,0.0,8.6,69.43%,10.0,9.4,0.0,0.00%,0.0,0.0,5.0,7.6,100.0%,10.0,9.1,7.5,81.65%,9.1,8.4,7.6,96.50%,9.6,8.8,7.6,97.23%,9.7,8.9,8.8,8.0,6.4,8.0,7.5,6.2,6.1,4.5,10.0,6.7,7.0,6.6,5.8,6.5,2.8,6.3,0.00%,9.6,6.0,7.8,6.9,7.2,2.4,0.1,0.0,0.1,,
Guyana,GUY,0.1,0.1,0.1,4.6,1.0,0.0,0.0,0.0,5.8,8.1,0.00%,0.00%,1.7389%,0.00%,0.01%,0.00%,0.83%,2.12%,0.0,0.0,0.0,8.4,3.8,0.0,0.0,0.0,7.9,7.1,1.9,0.1,0.1,0.0,0.0,0.0,7.6,0.1,6.9,2.5,0.0,7.0,4.8,2.5,3.7,x,x,x,x,x,x,x,x,x,x,x,x,x,x,x,x,x,7.0,100.0%,10.0,9.0,6.9,79.49%,8.8,8.0,7.0,96.75%,9.7,8.7,7.0,89.69%,9.0,8.2,8.5,1.0,0.7,1.7,1.1,2.0,2.3,2.7,3.8,2.7,2.2,1.3,3.3,2.6,0.1,0.9,0.01%,9.2,0.0,4.6,2.7,5.3,4.2,0.1,0.0,0.1,,
Haiti,HTI,7.7,8.3,8.0,4.8,4.0,9.7,9.9,9.8,5.2,10.0,0.21%,0.11%,0.1567%,0.00%,7.50%,1.18%,0.03%,1.36%,10.0,5.7,8.7,4.4,4.1,8.3,5.9,7.3,3.8,4.5,4.8,8.9,7.0,9.0,7.9,8.5,8.4,8.4,4.6,4.1,8.9,4.5,6.6,0.8,3.7,x,x,x,x,x,x,x,x,x,x,x,x,x,x,x,x,x,8.6,89.3%,8.9,8.8,8.6,82.94%,9.2,8.9,8.6,92.94%,9.3,9.0,8.6,90.26%,9.0,8.8,8.9,6.9,5.4,7.7,6.7,8.7,5.2,6.0,5.7,6.4,6.5,5.7,3.6,5.8,5.9,6.5,0.02%,8.3,8.0,8.2,6.8,7.6,6.5,9.3,7.5,8.6,,
Honduras,HND,7.5,8.0,7.8,5.3,6.1,7.0,7.4,7.2,4.7,9.9,0.21%,0.09%,0.2852%,0.00%,0.56%,0.04%,0.02%,0.83%,10.0,4.7,8.4,5.4,6.6,0.6,0.2,0.4,3.3,2.8,10.0,8.8,6.4,3.8,3.8,3.8,7.9,8.1,5.4,6.4,4.6,4.0,9.0,0.8,4.9,x,x,x,x,x,x,x,x,x,x,x,x,x,x,x,x,x,8.6,90.6%,9.1,8.9,8.4,69.37%,7.7,8.1,8.5,87.76%,8.8,8.7,8.5,83.19%,8.3,8.4,8.5,1.7,0.7,1.5,1.3,6.5,5.1,6.0,4.7,5.6,4.2,x,3.7,5.2,1.4,1.3,0.04%,5.9,2.0,4.0,3.5,6.0,5.8,6.2,5.9,6.1,,
Hungary,HUN,4.9,0.1,2.8,6.7,0.0,0.0,0.0,0.0,0.0,0.0,0.03%,0.00%,1.2119%,0.00%,0.00%,0.00%,0.00%,0.00%,1.3,0.0,0.7,7.8,0.0,0.0,0.0,0.0,0.0,0.0,1.9,3.1,0.1,0.0,0.0,0.0,0.0,1.8,7.3,0.0,0.0,0.0,1.0,5.0,3.0,8.5,87.67%,9.7,9.2,x,x,x,x,x,x,x,x,x,x,x,x,9.2,0.0,0.0%,0.0,0.0,0.0,0.00%,0.0,0.0,0.0,0.00%,0.0,0.0,0.0,0.00%,0.0,0.0,0.0,0.2,0.0,x,0.1,6.8,0.0,7.3,1.5,3.9,2.6,x,0.0,3.1,0.0,0.1,0.02%,8.2,2.0,5.1,2.8,4.9,2.9,0.1,0.0,0.1,,
Iceland,ISL,2.9,4.6,3.8,0.0,0.0,0.0,0.0,0.0,4.9,0.0,0.15%,0.12%,0.0000%,0.00%,0.00%,0.00%,0.71%,0.00%,7.3,6.0,6.7,0.0,0.0,0.0,0.0,0.0,7.7,0.0,0.0,5.1,5.3,0.0,0.0,0.0,0.0,5.4,0.0,0.0,0.0,6.5,0.0,0.0,0.0,x,x,x,x,x,x,x,x,x,x,x,x,x,x,x,x,x,0.0,0.0%,0.0,0.0,0.0,0.00%,0.0,0.0,0.0,0.00%,0.0,0.0,0.0,0.00%,0.0,0.0,0.0,0.1,0.0,x,0.1,1.9,6.1,9.4,x,5.8,3.9,0.0,0.6,3.6,0.0,0.0,0.02%,8.5,x,8.5,4.0,2.8,2.6,0.0,0.0,0.0,,
India,IND,10.0,10.0,10.0,10.0,9.4,10.0,10.0,10.0,9.7,10.0,0.12%,0.02%,1.1595%,0.00%,0.53%,0.06%,0.02%,1.37%,6.1,0.9,4.0,7.7,4.8,0.6,0.3,0.5,3.3,4.6,6.7,8.1,5.5,5.3,5.2,5.3,8.4,8.3,9.2,7.8,7.7,7.8,7.6,5.0,6.3,10.0,28.14%,3.1,8.1,x,x,x,x,x,x,x,x,x,x,x,x,8.1,10.0,93.4%,9.3,9.7,10.0,35.29%,3.9,8.3,10.0,97.59%,9.8,9.9,10.0,97.50%,9.8,9.9,9.6,2.4,1.1,2.4,2.0,8.9,4.3,3.6,6.0,5.7,4.5,4.6,1.9,4.9,3.7,2.4,0.01%,8.7,4.0,6.4,4.6,7.4,7.9,10.0,7.4,9.1,,
Indonesia,IDN,10.0,10.0,10.0,9.4,10.0,4.9,0.0,2.8,9.6,10.0,0.18%,0.02%,0.6096%,0.00%,0.00%,0.00%,0.10%,0.20%,9.1,1.2,6.6,6.7,8.3,0.0,0.0,0.0,5.3,0.7,3.8,9.6,5.6,2.5,0.0,1.3,7.7,8.9,8.4,9.3,1.5,8.1,5.8,0.8,3.3,9.5,17.29%,1.9,7.3,x,x,x,x,x,x,x,x,x,x,x,x,7.3,10.0,100.0%,10.0,10.0,10.0,87.27%,9.7,9.9,10.0,89.97%,9.0,9.6,10.0,93.20%,9.3,9.7,9.8,1.3,1.0,2.1,1.5,7.2,3.7,5.9,4.6,5.4,4.1,2.2,1.9,4.3,1.4,1.5,0.00%,9.7,4.0,6.9,4.2,7.2,7.4,8.7,5.6,7.5,,
Iran,IRN,10.0,10.0,10.0,8.0,6.4,4.4,1.2,3.0,8.6,10.0,0.21%,0.07%,0.5150%,0.00%,0.00%,0.00%,0.12%,1.33%,10.0,3.3,8.2,6.4,4.5,0.0,0.0,0.0,5.5,4.4,1.9,10.0,6.7,2.2,0.6,1.4,8.4,9.3,7.3,5.5,1.6,7.4,5.2,7.5,6.4,9.8,81.21%,9.0,9.4,x,x,x,x,x,x,x,x,x,x,x,x,9.4,7.1,1.0%,0.1,4.5,6.9,0.76%,0.1,4.3,9.3,35.33%,3.5,7.4,8.6,11.86%,1.2,6.1,5.7,1.1,0.4,x,0.8,5.8,2.6,7.7,3.8,5.0,3.6,5.0,1.0,4.3,0.1,0.5,0.02%,8.3,2.0,5.2,3.3,6.3,6.7,9.4,4.7,7.8,,
Iraq,IRQ,8.4,4.2,6.8,9.4,0.0,0.0,0.0,0.0,5.8,10.0,0.10%,0.00%,3.7192%,0.00%,0.00%,0.00%,0.01%,0.43%,4.8,0.0,2.7,9.7,0.0,0.0,0.0,0.0,2.9,1.4,1.9,6.6,2.1,0.0,0.0,0.0,7.8,5.1,9.6,0.0,0.0,4.5,4.9,10.0,7.5,9.4,85.36%,9.5,9.5,x,x,x,x,x,x,x,x,x,x,x,x,9.5,0.0,0.0%,0.0,0.0,7.8,5.88%,0.7,5.2,9.2,64.04%,6.4,8.1,9.4,86.50%,8.7,9.1,6.6,0.2,0.3,0.3,0.3,6.7,5.2,7.2,10.0,7.3,5.0,5.5,4.8,6.6,0.0,0.2,0.01%,8.9,6.0,7.5,4.8,7.0,5.9,10.0,7.7,9.2,,
Ireland,IRL,0.1,0.1,0.1,3.5,1.4,0.0,0.0,0.0,6.0,0.0,0.00%,0.00%,0.0933%,0.00%,0.00%,0.00%,0.16%,0.00%,0.0,0.0,0.0,3.5,2.2,0.0,0.0,0.0,5.8,0.0,0.0,0.1,0.1,0.0,0.0,0.0,0.0,0.1,3.5,1.8,0.0,5.9,0.0,1.7,0.9,0.0,0.00%,0.0,0.0,x,x,x,x,x,x,x,x,x,x,x,x,0.0,0.0,0.0%,0.0,0.0,0.0,0.00%,0.0,0.0,0.0,0.00%,0.0,0.0,0.0,0.00%,0.0,0.0,0.0,1.2,0.7,x,1.0,6.2,6.1,6.4,2.1,5.2,3.8,0.9,0.3,3.7,0.0,0.6,0.04%,5.8,0.0,2.9,2.4,1.7,2.2,0.1,0.0,0.1,,
Israel,ISR,7.3,4.3,6.0,0.5,2.6,0.0,0.0,0.0,3.2,0.0,0.20%,0.00%,0.0025%,0.00%,0.00%,0.00%,0.01%,0.00%,10.0,0.2,7.6,0.0,2.8,0.0,0.0,0.0,1.5,0.0,1.0,8.7,2.3,0.0,0.0,0.0,0.0,6.9,0.3,2.7,0.0,2.4,0.5,10.0,5.3,5.0,0.32%,0.0,2.9,x,x,x,x,x,x,x,x,x,x,x,x,2.9,0.0,0.0%,0.0,0.0,7.8,31.20%,3.5,6.1,8.5,95.19%,9.5,9.1,6.2,2.51%,0.3,3.8,5.8,0.0,0.0,x,0.0,8.8,4.3,9.3,2.9,6.3,4.2,0.0,2.9,4.7,0.0,0.0,0.01%,9.1,x,9.1,4.6,4.5,3.5,7.9,8.9,8.4,,
Italy,ITA,9.5,7.3,8.6,7.0,6.8,0.0,0.0,0.0,7.7,0.0,0.18%,0.01%,0.2745%,0.00%,0.00%,0.00%,0.07%,0.00%,9.1,0.5,6.5,5.3,5.4,0.0,0.0,0.0,4.8,0.0,5.7,9.3,3.9,0.0,0.0,0.0,0.0,7.7,6.2,6.1,0.0,6.5,2.9,2.5,2.7,0.0,0.00%,0.0,0.0,x,x,x,x,x,x,x,x,x,x,x,x,0.0,0.0,0.0%,0.0,0.0,0.0,0.00%,0.0,0.0,8.2,9.45%,0.9,5.7,6.4,0.48%,0.0,3.9,2.8,0.0,0.0,x,0.0,7.7,0.3,7.2,1.0,4.1,2.7,0.0,0.0,2.7,0.0,0.0,0.01%,8.7,0.0,4.4,2.4,2.0,5.0,0.2,0.0,0.1,,
Jamaica,JAM,5.8,7.0,6.4,0.0,0.0,8.2,9.0,8.6,5.3,6.0,0.20%,0.14%,0.0000%,0.00%,7.39%,1.40%,0.13%,0.09%,9.9,7.1,8.9,0.0,0.0,8.2,7.0,7.7,5.6,0.3,1.9,7.9,7.1,8.2,8.0,8.1,3.7,7.9,0.0,0.0,8.2,5.5,2.8,2.5,2.7,x,x,x,x,x,x,x,x,x,x,x,x,x,x,x,x,x,0.0,0.0%,0.0,0.0,7.7,82.81%,9.2,8.6,7.7,89.61%,9.0,8.4,7.7,93.23%,9.3,8.6,7.4,1.5,1.5,x,1.5,8.1,1.2,5.7,3.0,4.5,3.5,0.1,0.5,3.1,0.3,1.1,0.00%,9.8,2.0,5.9,3.4,5.1,5.0,0.1,0.0,0.1,,
Japan,JPN,10.0,10.0,10.0,8.6,10.0,10.0,10.0,10.0,10.0,0.0,0.21%,0.15%,0.6652%,0.03%,9.19%,0.14%,1.31%,0.00%,10.0,7.7,9.2,6.8,10.0,10.0,0.7,7.7,8.5,0.0,0.0,10.0,8.9,10.0,5.4,8.6,0.0,9.7,7.8,10.0,9.2,9.4,0.0,0.8,0.4,0.0,0.00%,0.0,0.0,x,x,x,x,x,x,x,x,x,x,x,x,0.0,0.0,0.0%,0.0,0.0,8.4,6.53%,0.7,5.8,9.8,59.66%,6.0,8.5,9.8,60.66%,6.1,8.5,6.6,0.0,0.1,x,0.1,8.5,0.0,9.2,0.8,4.6,3.1,0.2,0.0,3.1,0.0,0.0,0.01%,8.8,0.0,4.4,2.5,3.4,8.3,0.1,0.0,0.1,,
Jordan,JOR,7.6,5.9,6.8,0.7,0.0,0.0,0.0,0.0,0.3,7.4,0.20%,0.01%,0.0026%,0.00%,0.00%,0.00%,0.00%,0.08%,10.0,0.6,7.7,0.0,0.0,0.0,0.0,0.0,0.0,0.3,1.9,8.8,3.3,0.0,0.0,0.0,4.8,7.3,0.4,0.0,0.0,0.2,3.4,10.0,6.7,3.9,0.04%,0.0,2.2,x,x,x,x,x,x,x,x,x,x,x,x,2.2,0.0,0.0%,0.0,0.0,6.7,4.61%,0.5,4.3,8.5,72.35%,7.2,7.9,6.5,3.09%,0.3,4.1,4.7,0.3,0.2,x,0.3,7.0,1.3,9.2,6.8,6.1,4.2,1.9,3.3,4.9,0.0,0.2,0.01%,9.1,6.0,7.6,4.2,3.9,3.3,0.6,0.0,0.3,,
Kazakhstan,KAZ,7.2,7.4,7.3,7.4,0.0,0.0,0.0,0.0,0.0,5.8,0.09%,0.03%,1.1729%,0.00%,0.00%,0.00%,0.00%,0.01%,4.4,1.5,3.1,7.8,0.0,0.0,0.0,0.0,0.0,0.0,1.0,5.8,4.5,0.0,0.0,0.0,3.4,5.6,7.6,0.0,0.0,0.0,2.2,10.0,6.1,8.6,52.27%,5.8,7.5,x,x,x,x,x,x,x,x,x,x,x,x,7.5,0.0,0.0%,0.0,0.0,0.0,0.00%,0.0,0.0,7.4,8.15%,0.8,4.9,0.0,0.00%,0.0,0.0,1.5,0.2,0.8,0.1,0.4,2.8,3.3,5.8,3.6,3.9,2.7,0.1,3.5,3.2,0.0,0.3,0.27%,0.0,2.0,1.0,1.5,3.8,3.9,0.2,0.0,0.1,,
Kenya,KEN,7.0,0.1,4.4,6.1,4.0,0.0,0.0,0.0,4.3,10.0,0.03%,0.00%,0.1207%,0.00%,0.00%,0.00%,0.00%,2.96%,1.3,0.0,0.7,4.0,2.3,0.0,0.0,0.0,0.7,9.9,10.0,4.2,0.1,0.0,0.0,0.0,10.0,2.8,5.1,3.2,0.0,2.7,10.0,3.3,6.7,9.2,47.39%,5.3,7.8,0.0,0.00%,0.0,0.0,0.0,0.00%,0.0,0.0,10.0,17.91%,8.5,9.4,6.0,9.6,100.0%,10.0,9.8,8.7,21.96%,2.4,6.5,9.3,53.73%,5.4,7.9,9.2,48.38%,4.8,7.6,8.2,7.1,6.2,6.2,6.5,6.6,7.5,3.0,4.4,5.4,5.8,4.5,5.1,5.2,2.2,5.4,0.01%,8.9,4.0,6.5,5.7,6.6,4.2,9.3,6.7,8.3,,
Kiribati,KIR,0.1,0.1,0.1,0.0,4.2,0.0,0.0,0.0,5.5,6.0,0.00%,0.00%,0.0000%,0.01%,0.00%,0.00%,3.74%,1.77%,0.0,0.0,0.0,0.0,9.4,0.0,0.0,0.0,9.8,5.9,1.0,0.1,0.1,0.0,0.0,0.0,6.0,0.1,0.0,7.7,0.0,8.4,3.5,x,3.5,x,x,x,x,x,x,x,x,x,x,x,x,x,x,x,x,x,0.0,0.0%,0.0,0.0,0.0,0.00%,0.0,0.0,5.0,24.93%,2.5,3.9,5.3,39.90%,4.0,4.7,2.4,6.1,4.1,4.4,4.9,7.3,5.9,5.8,9.8,7.2,6.4,0.7,4.7,5.7,10.0,6.2,0.07%,3.0,2.0,2.5,4.8,4.7,4.4,0.0,0.0,0.0,,
Korea DPR,PRK,7.9,0.1,5.2,6.7,1.5,10.0,0.0,7.6,7.3,10.0,0.12%,0.00%,0.4463%,0.00%,4.47%,0.00%,0.11%,3.39%,5.9,0.0,3.5,6.2,0.4,5.0,0.0,2.9,5.3,10.0,3.8,6.9,0.1,7.5,0.0,4.8,10.0,4.4,6.5,1.0,5.7,6.4,6.9,0.8,3.9,0.0,0.00%,0.0,0.0,x,x,x,x,x,x,x,x,x,x,x,x,0.0,8.6,39.1%,3.9,6.9,0.0,0.00%,0.0,0.0,7.9,12.26%,1.2,5.5,0.0,0.00%,0.0,0.0,3.8,1.7,1.0,x,1.4,7.8,1.6,6.3,4.8,5.1,3.9,2.6,1.0,4.0,0.0,0.9,0.05%,5.3,4.0,4.7,3.2,2.9,4.6,0.3,0.0,0.2,,
Korea Republic of,KOR,9.4,0.1,6.8,7.6,6.3,10.0,8.6,9.4,8.2,0.0,0.19%,0.00%,0.5539%,0.00%,8.22%,0.04%,0.15%,0.00%,9.6,0.0,7.0,6.5,5.0,9.1,0.2,6.4,5.7,0.0,1.0,9.5,0.1,9.6,4.4,7.9,0.0,6.9,7.1,5.7,8.3,7.1,0.5,0.0,0.3,0.0,0.00%,0.0,0.0,x,x,x,x,x,x,x,x,x,x,x,x,0.0,7.9,7.0%,0.7,5.3,3.4,0.00%,0.0,1.9,8.4,14.71%,1.5,6.0,8.7,25.45%,2.5,6.6,5.2,0.0,0.0,x,0.0,9.1,0.2,8.1,0.8,4.6,3.1,0.5,0.0,3.1,0.0,0.0,0.01%,9.0,0.0,4.5,2.5,2.9,6.0,0.1,0.0,0.1,,
Kuwait,KWT,0.0,0.1,0.1,3.5,0.0,0.0,0.0,0.0,5.3,0.0,0.00%,0.00%,0.1094%,0.00%,0.00%,0.00%,0.09%,0.00%,0.0,0.0,0.0,3.8,0.0,0.0,0.0,0.0,5.1,0.0,0.0,0.0,0.1,0.0,0.0,0.0,0.0,0.1,3.7,0.0,0.0,5.2,0.0,5.8,2.9,3.9,0.12%,0.0,2.2,x,x,x,x,x,x,x,x,x,x,x,x,2.2,0.0,0.0%,0.0,0.0,0.0,0.00%,0.0,0.0,7.7,59.14%,5.9,6.9,7.8,63.72%,6.4,7.2,4.4,0.0,0.0,x,0.0,7.9,1.9,10.0,x,6.6,4.4,0.0,0.2,4.0,0.0,0.0,0.01%,8.6,2.0,5.3,3.1,3.6,2.4,0.3,0.0,0.2,,
Kyrgyzstan,KGZ,6.9,7.1,7.0,4.6,0.0,0.0,0.0,0.0,0.0,9.4,0.21%,0.07%,0.2054%,0.00%,0.00%,0.00%,0.00%,0.84%,10.0,3.4,8.2,4.9,0.0,0.0,0.0,0.0,0.0,2.8,1.0,8.5,5.3,0.0,0.0,0.0,7.3,7.7,4.8,0.0,0.0,0.0,4.2,8.3,6.3,8.2,85.69%,9.5,8.9,x,x,x,x,x,x,x,x,x,x,x,x,8.9,0.0,0.0%,0.0,0.0,0.0,0.00%,0.0,0.0,4.0,0.09%,0.0,2.2,0.0,0.00%,0.0,0.0,0.6,0.2,1.5,0.0,0.6,5.2,5.4,3.8,5.1,4.9,3.5,0.3,3.8,3.9,0.0,0.4,0.06%,3.8,6.0,4.9,3.1,5.0,4.1,0.6,0.0,0.3,,
Lao PDR,LAO,5.6,1.5,3.8,7.2,0.0,4.5,0.0,2.5,0.0,4.4,0.06%,0.00%,2.4505%,0.00%,0.06%,0.00%,0.00%,0.01%,3.1,0.0,1.7,9.0,0.0,0.1,0.0,0.1,0.0,0.0,2.9,4.4,0.8,2.3,0.0,1.2,2.5,2.8,8.2,0.0,1.4,0.0,2.7,0.0,1.4,8.0,51.55%,5.7,7.0,x,x,x,x,x,x,x,x,x,x,x,x,7.0,8.0,52.0%,5.2,6.8,8.2,74.75%,8.3,8.3,8.1,61.77%,6.2,7.3,8.4,96.98%,9.7,9.2,8.0,2.3,2.4,4.4,3.0,5.0,6.2,3.8,6.7,5.4,4.6,6.1,3.5,5.2,5.4,3.6,0.08%,2.0,6.0,4.0,4.3,6.2,3.6,0.3,0.0,0.2,,
Latvia,LVA,0.1,0.1,0.1,5.0,0.0,0.0,0.0,0.0,3.4,0.0,0.00%,0.00%,1.1825%,0.00%,0.00%,0.00%,0.03%,0.00%,0.0,0.0,0.0,7.8,0.0,0.0,0.0,0.0,3.8,0.0,0.0,0.1,0.1,0.0,0.0,0.0,0.0,0.1,6.6,0.0,0.0,3.6,0.0,5.0,2.5,0.0,0.00%,0.0,0.0,x,x,x,x,x,x,x,x,x,x,x,x,0.0,0.0,0.0%,0.0,0.0,0.0,0.00%,0.0,0.0,0.0,0.00%,0.0,0.0,0.0,0.00%,0.0,0.0,0.0,0.8,0.2,x,0.5,4.9,0.6,6.9,0.6,3.3,2.4,0.1,0.0,2.2,0.0,0.3,0.05%,5.3,2.0,3.7,2.1,1.2,2.4,0.1,0.0,0.1,,
Lebanon,LBN,6.6,7.7,7.2,0.0,3.4,0.0,0.0,0.0,3.6,0.0,0.21%,0.14%,0.0000%,0.00%,0.00%,0.00%,0.01%,0.00%,10.0,7.0,9.0,0.0,4.4,0.0,0.0,0.0,2.8,0.0,0.0,8.3,7.4,0.0,0.0,0.0,0.0,8.2,0.0,3.9,0.0,3.2,0.0,5.8,2.9,3.6,0.06%,0.0,2.0,x,x,x,x,x,x,x,x,x,x,x,x,2.0,0.0,0.0%,0.0,0.0,6.4,5.60%,0.6,4.1,8.0,73.12%,7.3,7.7,7.0,15.23%,1.5,4.8,4.7,0.1,1.2,x,0.7,9.1,0.0,8.9,x,6.0,4.2,0.5,1.9,4.1,0.0,0.4,0.00%,9.6,4.0,6.8,3.8,3.7,3.7,6.5,6.0,6.3,,
Lesotho,LSO,0.1,0.1,0.1,1.9,0.0,0.0,0.0,0.0,0.0,10.0,0.00%,0.00%,0.0422%,0.00%,0.00%,0.00%,0.00%,5.48%,0.0,0.0,0.0,2.2,0.0,0.0,0.0,0.0,0.0,10.0,7.6,0.1,0.1,0.0,0.0,0.0,10.0,0.1,2.1,0.0,0.0,0.0,8.8,4.2,6.5,6.7,19.53%,2.2,4.8,0.0,0.00%,0.0,0.0,0.0,0.00%,0.0,0.0,0.0,0.00%,0.0,0.0,1.5,0.0,0.0%,0.0,0.0,0.0,0.00%,0.0,0.0,0.0,0.00%,0.0,0.0,0.0,0.00%,0.0,0.0,0.0,5.5,4.3,9.4,6.4,6.3,5.2,3.0,4.3,4.7,5.3,2.8,4.2,4.3,5.0,6.1,0.04%,5.9,2.0,4.0,4.8,3.2,2.1,0.1,0.0,0.1,,
Liberia,LBR,0.1,0.1,0.1,6.4,2.0,0.0,0.0,0.0,4.4,0.0,0.00%,0.00%,1.5648%,0.00%,0.00%,0.00%,0.03%,0.00%,0.0,0.0,0.0,8.2,2.8,0.0,0.0,0.0,3.7,0.0,0.0,0.1,0.1,0.0,0.0,0.0,0.0,0.1,7.4,2.4,0.0,4.1,0.0,0.8,0.4,7.5,32.34%,3.6,5.9,8.2,14.13%,10.0,9.3,9.3,70.50%,10.0,9.7,7.4,4.86%,7.4,7.4,8.5,8.2,100.0%,10.0,9.3,8.0,74.70%,8.3,8.2,7.9,61.40%,6.1,7.1,8.2,92.44%,9.2,8.8,8.5,8.6,4.1,9.7,7.5,5.8,6.2,5.4,6.4,6.0,6.5,6.7,5.9,6.1,10.0,8.1,x,x,6.0,6.0,6.7,7.7,3.9,0.2,0.0,0.1,,
Libya,LBY,4.1,0.1,2.3,1.2,5.0,0.0,0.0,0.0,5.7,0.0,0.02%,0.00%,0.0072%,0.00%,0.00%,0.00%,0.08%,0.00%,1.0,0.0,0.5,0.0,5.8,0.0,0.0,0.0,5.0,0.0,0.0,2.6,0.1,0.0,0.0,0.0,0.0,1.4,0.6,5.4,0.0,5.4,0.0,10.0,5.0,0.0,0.00%,0.0,0.0,0.0,0.00%,0.0,0.0,0.0,0.00%,0.0,0.0,0.0,0.00%,0.0,0.0,0.0,0.0,0.0%,0.0,0.0,7.3,18.86%,2.1,5.3,8.1,69.94%,7.0,7.6,6.9,9.52%,1.0,4.6,4.9,0.9,0.0,x,0.5,1.9,3.0,8.2,x,4.4,3.1,1.8,2.4,3.5,0.2,0.4,0.02%,7.8,4.0,5.9,3.3,3.0,3.3,1.8,0.9,1.4,,
Liechtenstein,LIE,0.5,0.1,0.3,0.1,0.0,0.0,0.0,0.0,0.0,0.0,0.21%,0.00%,0.4095%,0.00%,0.00%,0.00%,0.00%,0.00%,10.0,0.0,7.6,6.0,0.0,0.0,0.0,0.0,0.0,0.0,0.0,5.3,0.1,0.0,0.0,0.0,0.0,5.0,3.6,0.0,0.0,0.0,0.0,x,0.0,0.0,0.00%,0.0,0.0,x,x,x,x,x,x,x,x,x,x,x,x,0.0,0.0,0.0%,0.0,0.0,0.0,0.00%,0.0,0.0,0.0,0.00%,0.0,0.0,0.0,0.00%,0.0,0.0,0.0,0.0,0.0,x,0.0,8.0,2.4,1.5,0.6,3.1,2.1,x,0.0,2.5,0.0,0.0,0.02%,7.9,2.0,5.0,2.5,1.2,1.6,0.0,0.0,0.0,,
Lithuania,LTU,0.1,0.1,0.1,4.7,0.0,0.0,0.0,0.0,3.3,0.0,0.00%,0.00%,0.6315%,0.00%,0.00%,0.00%,0.02%,0.00%,0.0,0.0,0.0,6.7,0.0,0.0,0.0,0.0,3.2,0.0,2.9,0.1,0.1,0.0,0.0,0.0,0.0,0.1,5.8,0.0,0.0,3.3,1.5,4.2,2.9,0.0,0.00%,0.0,0.0,x,x,x,x,x,x,x,x,x,x,x,x,0.0,0.0,0.0%,0.0,0.0,0.0,0.00%,0.0,0.0,0.0,0.00%,0.0,0.0,0.0,0.00%,0.0,0.0,0.0,0.5,0.3,x,0.4,5.5,3.5,6.9,1.0,4.2,2.9,0.1,0.0,2.8,0.0,0.3,0.09%,1.4,0.0,0.7,1.3,1.1,2.2,0.1,0.0,0.1,,
Luxembourg,LUX,0.0,0.1,0.1,1.7,0.0,0.0,0.0,0.0,0.0,0.0,0.00%,0.00%,0.1184%,0.00%,0.00%,0.00%,0.00%,0.00%,0.1,0.0,0.1,3.9,0.0,0.0,0.0,0.0,0.0,0.0,0.0,0.1,0.1,0.0,0.0,0.0,0.0,0.1,2.9,0.0,0.0,0.0,0.0,2.5,1.3,0.0,0.00%,0.0,0.0,x,x,x,x,x,x,x,x,x,x,x,x,0.0,0.0,0.0%,0.0,0.0,0.0,0.00%,0.0,0.0,0.0,0.00%,0.0,0.0,0.0,0.00%,0.0,0.0,0.0,0.3,0.0,x,0.2,8.0,5.1,9.2,1.0,5.8,3.9,0.0,0.1,3.9,0.0,0.1,0.04%,6.4,0.0,3.2,2.4,1.7,0.9,0.1,0.0,0.1,,
Madagascar,MDG,0.0,0.1,0.1,6.5,6.7,9.5,8.6,9.1,7.3,10.0,0.00%,0.00%,0.3243%,0.00%,2.31%,0.07%,0.09%,0.52%,0.0,0.0,0.0,5.6,6.0,2.6,0.4,1.6,5.1,1.7,7.6,0.0,0.1,6.1,4.5,5.4,7.9,0.1,6.1,6.4,6.7,6.3,7.8,0.8,4.3,8.9,57.46%,6.4,7.9,5.2,0.04%,0.1,3.0,0.0,0.00%,0.0,0.0,8.1,2.23%,6.7,7.5,5.4,9.3,100.0%,10.0,9.7,8.4,25.68%,2.9,6.4,9.1,71.75%,7.2,8.3,9.0,61.56%,6.2,7.9,8.3,9.5,7.8,7.7,8.3,5.7,8.1,4.1,6.3,6.1,6.8,7.3,6.4,6.3,10.0,8.8,0.01%,9.2,6.0,7.6,7.6,7.2,5.6,0.4,0.0,0.2,,
Malawi,MWI,8.3,0.1,5.5,5.2,0.0,0.0,0.0,0.0,0.0,10.0,0.19%,0.00%,0.1294%,0.00%,0.00%,0.00%,0.00%,3.93%,9.4,0.0,6.8,4.1,0.0,0.0,0.0,0.0,0.0,10.0,7.6,8.9,0.1,0.0,0.0,0.0,10.0,6.2,4.7,0.0,0.0,0.0,8.8,2.5,5.7,8.0,20.00%,2.2,5.8,5.8,0.15%,0.3,3.5,0.0,0.00%,0.0,0.0,7.1,0.84%,5.8,6.5,4.4,9.0,100.0%,10.0,9.6,7.9,15.84%,1.8,5.6,9.0,86.06%,8.6,8.8,8.6,45.38%,4.5,7.0,8.1,5.6,4.7,8.5,6.3,7.7,8.4,1.8,5.7,5.9,6.0,4.2,6.3,5.7,0.9,4.9,0.01%,9.5,8.0,8.8,6.5,6.4,3.8,0.2,0.0,0.1,,
Malaysia,MYS,5.4,0.1,3.2,7.1,5.8,0.0,0.0,0.0,7.4,9.5,0.01%,0.00%,0.5291%,0.00%,0.00%,0.00%,0.09%,0.18%,0.6,0.0,0.3,6.4,4.9,0.0,0.0,0.0,5.1,0.6,1.9,3.0,0.1,0.0,0.0,0.0,7.0,1.9,6.8,5.4,0.0,6.4,4.5,1.7,3.1,1.7,0.00%,0.0,0.9,x,x,x,x,x,x,x,x,x,x,x,x,0.9,7.3,4.0%,0.4,4.7,9.3,88.36%,9.8,9.6,9.3,91.22%,9.1,9.2,9.3,96.73%,9.7,9.5,8.8,0.4,0.5,x,0.5,6.7,3.4,7.9,x,6.0,4.2,2.4,0.8,4.2,0.1,0.3,0.01%,9.1,2.0,5.6,3.4,5.2,4.5,0.3,0.0,0.2,,
Maldives,MDV,0.1,0.1,0.1,0.0,7.2,0.0,0.0,0.0,0.0,0.0,0.00%,0.00%,0.0000%,0.04%,0.00%,0.00%,0.00%,0.00%,0.0,0.0,0.0,0.0,10.0,0.0,0.0,0.0,0.0,0.0,0.0,0.1,0.1,0.0,0.0,0.0,0.0,0.1,0.0,9.0,0.0,0.0,0.0,x,0.0,x,x,x,x,x,x,x,x,x,x,x,x,x,x,x,x,x,0.0,0.0%,0.0,0.0,0.0,0.00%,0.0,0.0,4.7,4.01%,0.4,2.8,0.0,0.00%,0.0,0.0,0.8,0.0,0.1,0.4,0.2,10.0,1.0,4.2,8.5,5.9,4.0,3.9,0.4,4.7,0.0,0.1,0.00%,9.9,2.0,6.0,3.6,2.9,2.7,0.1,0.0,0.1,,
Mali,MLI,0.1,0.1,0.1,7.7,0.0,0.0,0.0,0.0,0.0,10.0,0.00%,0.00%,1.3895%,0.00%,0.00%,0.00%,0.00%,1.66%,0.0,0.0,0.0,8.0,0.0,0.0,0.0,0.0,0.0,5.5,7.6,0.1,0.1,0.0,0.0,0.0,8.6,0.1,7.9,0.0,0.0,0.0,8.1,7.5,7.8,8.7,51.95%,5.8,7.5,0.0,0.00%,0.0,0.0,8.9,9.15%,9.2,9.1,0.0,0.00%,0.0,0.0,5.6,9.1,100.0%,10.0,9.6,8.1,18.12%,2.0,5.9,9.1,99.52%,10.0,9.6,9.0,88.81%,8.9,9.0,8.9,5.5,2.7,8.3,5.5,4.2,9.4,4.6,9.5,6.9,6.4,10.0,8.2,7.7,1.5,4.5,0.01%,9.3,2.0,5.7,6.0,7.0,4.3,10.0,9.5,9.8,,
Malta,MLT,0.1,0.1,0.1,0.0,3.8,0.0,0.0,0.0,0.1,0.0,0.00%,0.00%,0.0000%,0.00%,0.00%,0.00%,0.00%,0.00%,0.0,0.0,0.0,0.0,7.4,0.0,0.0,0.0,1.2,0.0,0.0,0.1,0.1,0.0,0.0,0.0,0.0,0.1,0.0,5.9,0.0,0.7,0.0,x,0.0,0.0,0.00%,0.0,0.0,x,x,x,x,x,x,x,x,x,x,x,x,0.0,0.0,0.0%,0.0,0.0,0.0,0.00%,0.0,0.0,6.6,78.93%,7.9,7.3,4.3,1.89%,0.2,2.5,3.1,0.0,0.0,x,0.0,10.0,8.3,9.5,2.1,7.5,5.0,0.0,0.0,5.0,0.0,0.0,0.01%,9.2,2.0,5.6,3.5,3.1,1.7,0.0,0.0,0.0,,
Marshall Islands,MHL,0.1,0.1,0.1,0.0,2.6,1.8,3.7,2.8,5.1,4.9,0.00%,0.00%,0.0000%,0.00%,0.76%,0.06%,7.76%,2.15%,0.0,0.0,0.0,0.0,8.9,0.8,0.3,0.6,10.0,7.2,2.9,0.1,0.1,1.3,2.0,1.7,6.2,0.1,0.0,6.8,1.8,8.5,4.6,x,4.6,x,x,x,x,x,x,x,x,x,x,x,x,x,x,x,x,x,0.0,0.0%,0.0,0.0,0.0,0.00%,0.0,0.0,3.2,3.89%,0.4,1.9,3.1,3.63%,0.4,1.8,1.0,2.1,2.5,1.5,2.0,7.9,2.9,7.9,x,6.2,4.8,0.3,3.8,4.6,2.9,2.3,0.00%,9.8,6.0,7.9,4.9,3.8,4.4,0.0,0.0,0.0,,
Mauritania,MRT,1.0,0.1,0.6,5.4,0.7,0.0,0.0,0.0,4.6,10.0,0.00%,0.00%,0.6656%,0.00%,0.00%,0.00%,0.04%,4.96%,0.1,0.0,0.1,6.8,1.4,0.0,0.0,0.0,4.1,10.0,7.6,0.6,0.1,0.0,0.0,0.0,10.0,0.4,6.1,1.1,0.0,4.4,8.8,9.2,9.0,7.7,49.83%,5.5,6.7,0.0,0.00%,0.0,0.0,0.0,0.00%,0.0,0.0,0.0,0.00%,0.0,0.0,2.3,8.1,100.0%,10.0,9.3,7.3,24.83%,2.8,5.5,8.1,92.96%,9.3,8.8,7.8,54.53%,5.5,6.8,7.9,4.9,3.7,5.8,4.8,2.2,8.0,5.8,9.4,6.4,5.9,6.5,7.2,6.5,9.0,5.9,0.00%,9.6,8.0,8.8,7.1,6.2,4.8,0.7,2.2,1.5,,
Mauritius,MUS,0.1,0.1,0.1,0.0,3.1,7.7,7.5,7.6,0.0,0.0,0.00%,0.00%,0.0000%,0.00%,9.40%,0.40%,0.00%,0.00%,0.0,0.0,0.0,0.0,5.6,10.0,2.0,7.9,0.0,0.0,1.0,0.1,0.1,8.9,4.8,7.4,0.0,0.1,0.0,4.5,7.8,0.0,0.5,0.8,0.7,0.0,0.00%,0.0,0.0,x,x,x,x,x,x,x,x,x,x,x,x,0.0,0.0,0.0%,0.0,0.0,7.2,77.89%,8.7,8.0,7.3,94.73%,9.5,8.6,7.2,86.92%,8.7,8.0,7.1,0.5,0.0,x,0.3,9.3,0.0,4.1,3.7,4.3,3.0,5.4,0.0,3.8,0.1,0.2,0.01%,9.1,2.0,5.6,3.2,3.8,3.0,0.1,0.0,0.1,,
Mexico,MEX,10.0,9.4,9.7,8.7,6.5,9.8,9.3,9.6,7.8,9.7,0.15%,0.03%,0.6583%,0.00%,0.76%,0.04%,0.04%,0.06%,7.3,1.4,5.0,6.8,4.3,0.8,0.2,0.5,4.0,0.2,4.8,8.7,5.4,5.3,4.8,5.1,7.2,8.2,7.9,5.5,7.1,6.3,6.0,0.0,3.0,x,x,x,x,x,x,x,x,x,x,x,x,x,x,x,x,x,7.8,2.1%,0.2,5.1,9.3,26.71%,3.0,7.3,9.8,52.20%,5.2,8.3,9.6,39.76%,4.0,7.8,7.3,0.8,0.0,0.6,0.5,6.0,2.2,8.2,4.4,5.2,3.6,2.0,1.9,4.1,0.0,0.4,0.01%,9.2,2.0,5.6,3.4,5.1,6.4,10.0,10.0,10.0,,
Micronesia,FSM,0.1,0.1,0.1,0.0,2.8,3.1,4.0,3.6,1.2,7.1,0.00%,0.00%,0.0000%,0.00%,1.02%,0.03%,0.06%,5.94%,0.0,0.0,0.0,0.0,7.9,1.1,0.2,0.7,4.6,10.0,2.9,0.1,0.1,2.1,2.1,2.1,9.0,0.1,0.0,5.9,2.3,3.1,6.0,x,6.0,0.0,0.00%,0.0,0.0,x,x,x,x,x,x,x,x,x,x,x,x,0.0,0.0,0.0%,0.0,0.0,3.3,1.73%,0.2,1.9,4.1,6.72%,0.7,2.6,5.2,36.57%,3.7,4.5,2.4,1.1,1.6,x,1.4,7.4,3.2,2.3,x,4.3,3.3,x,3.8,4.2,3.2,2.0,0.01%,9.3,6.0,7.7,4.6,2.7,3.2,0.0,0.0,0.0,,
Moldova Republic of,MDA,6.0,0.1,3.6,4.0,0.0,0.0,0.0,0.0,0.0,7.0,0.20%,0.00%,0.2351%,0.00%,0.00%,0.00%,0.00%,0.19%,10.0,0.0,7.6,5.1,0.0,0.0,0.0,0.0,0.0,0.6,2.9,8.0,0.1,0.0,0.0,0.0,4.5,6.0,4.6,0.0,0.0,0.0,3.7,6.7,5.2,7.8,81.96%,9.1,8.5,x,x,x,x,x,x,x,x,x,x,x,x,8.5,0.0,0.0%,0.0,0.0,0.0,0.00%,0.0,0.0,0.0,0.00%,0.0,0.0,0.0,0.00%,0.0,0.0,0.0,1.7,1.3,x,1.5,6.5,0.0,4.3,2.2,3.3,2.7,x,0.4,2.7,0.0,1.0,0.05%,4.6,2.0,3.3,2.3,4.3,3.3,0.1,0.0,0.1,,
Mongolia,MNG,4.2,1.4,2.9,5.5,0.0,0.0,0.0,0.0,0.0,7.8,0.05%,0.00%,1.0476%,0.00%,0.00%,0.00%,0.00%,0.37%,2.3,0.0,1.2,7.6,0.0,0.0,0.0,0.0,0.0,1.2,1.0,3.3,0.7,0.0,0.0,0.0,5.4,2.1,6.7,0.0,0.0,0.0,3.2,9.2,6.2,1.4,0.00%,0.0,0.7,x,x,x,x,x,x,x,x,x,x,x,x,0.7,0.0,0.0%,0.0,0.0,0.0,0.00%,0.0,0.0,0.0,0.00%,0.0,0.0,0.0,0.00%,0.0,0.0,0.0,3.3,2.7,1.4,2.5,1.1,3.3,6.9,4.1,3.9,3.4,2.0,3.2,3.4,1.7,2.3,0.08%,2.0,2.0,2.0,2.6,1.8,2.9,0.1,0.0,0.1,,
Montenegro,MNE,4.0,0.1,2.3,0.5,4.1,0.0,0.0,0.0,2.2,0.0,0.21%,0.00%,0.0394%,0.00%,0.00%,0.00%,0.03%,0.00%,10.0,0.0,7.6,2.1,7.5,0.0,0.0,0.0,3.7,0.0,0.0,7.0,0.1,0.0,0.0,0.0,0.0,5.5,1.3,6.1,0.0,3.0,0.0,4.2,2.1,2.2,0.06%,0.0,1.2,x,x,x,x,x,x,x,x,x,x,x,x,1.2,0.0,0.0%,0.0,0.0,0.0,0.00%,0.0,0.0,6.2,32.35%,3.2,4.9,6.3,40.98%,4.1,5.3,2.9,0.2,0.2,0.1,0.2,5.5,0.7,6.9,3.2,4.1,2.8,1.0,0.5,3.0,0.0,0.1,0.04%,5.7,4.0,4.9,2.7,2.4,3.2,0.1,0.0,0.1,,
Morocco,MAR,8.3,0.1,5.5,5.8,5.0,0.0,0.0,0.0,6.2,7.2,0.11%,0.00%,0.1331%,0.00%,0.00%,0.00%,0.02%,0.02%,5.4,0.0,3.1,4.1,3.9,0.0,0.0,0.0,3.5,0.1,1.0,6.9,0.1,0.0,0.0,0.0,4.5,4.4,5.0,4.5,0.0,5.0,2.8,10.0,6.4,0.0,0.00%,0.0,0.0,0.0,0.00%,0.0,0.0,0.0,0.00%,0.0,0.0,0.0,0.00%,0.0,0.0,0.0,0.0,0.0%,0.0,0.0,7.3,3.27%,0.4,4.7,9.1,58.76%,5.9,7.9,7.3,3.11%,0.3,4.7,4.9,1.4,2.2,x,1.8,6.4,3.6,6.5,6.4,5.7,4.4,1.2,2.2,4.4,0.0,1.2,0.00%,9.7,2.0,5.9,3.8,3.5,4.3,2.8,2.0,2.4,,
Mozambique,MOZ,7.5,0.1,4.8,6.6,4.3,7.3,0.0,4.6,6.7,10.0,0.06%,0.00%,0.3006%,0.00%,0.23%,0.00%,0.05%,1.38%,3.1,0.0,1.7,5.5,3.3,0.3,0.0,0.2,4.3,4.6,10.0,5.3,0.1,3.8,0.0,2.1,8.4,3.4,6.1,3.8,2.7,5.6,9.2,3.3,6.3,8.3,18.05%,2.0,6.1,6.9,0.41%,0.8,4.5,0.0,0.00%,0.0,0.0,7.7,1.12%,6.1,7.0,4.9,9.3,100.0%,10.0,9.7,8.8,43.26%,4.8,7.3,9.3,96.32%,9.6,9.5,9.2,81.20%,8.1,8.7,9.0,7.0,6.1,x,6.6,5.4,8.5,3.9,6.3,6.0,6.2,6.1,7.8,6.3,6.5,6.5,0.02%,8.0,2.0,5.0,5.9,6.8,5.1,9.6,7.0,8.6,,
Myanmar,MMR,9.4,8.4,9.0,8.9,8.8,8.3,8.7,8.5,9.0,0.0,0.19%,0.02%,2.0425%,0.00%,0.38%,0.04%,0.29%,0.00%,9.4,1.2,7.0,8.7,7.8,0.4,0.2,0.3,6.6,0.0,0.0,9.4,4.8,4.4,4.5,4.5,0.0,8.2,8.8,8.3,5.8,8.0,0.0,1.7,0.9,8.9,31.09%,3.5,7.0,x,x,x,x,x,x,x,x,x,x,x,x,7.0,9.5,87.1%,8.7,9.1,9.2,50.58%,5.6,7.9,9.6,94.79%,9.5,9.6,9.6,94.37%,9.4,9.5,9.1,2.9,2.9,2.5,2.8,6.4,3.6,3.2,5.5,4.7,4.1,6.5,2.0,4.5,2.3,2.7,0.03%,6.6,4.0,5.3,4.2,6.6,7.2,10.0,10.0,10.0,,
Namibia,NAM,0.1,0.1,0.1,4.2,0.0,0.0,0.0,0.0,1.4,9.7,0.00%,0.00%,0.3622%,0.00%,0.00%,0.00%,0.00%,2.91%,0.0,0.0,0.0,5.8,0.0,0.0,0.0,0.0,0.9,9.7,7.6,0.1,0.1,0.0,0.0,0.0,9.7,0.1,5.1,0.0,0.0,1.2,8.7,10.0,9.4,7.3,46.92%,5.2,6.4,0.0,0.00%,0.0,0.0,0.0,0.00%,0.0,0.0,0.0,0.00%,0.0,0.0,2.1,7.6,79.4%,7.9,7.8,4.0,0.22%,0.0,2.2,7.6,80.51%,8.1,7.9,6.6,16.12%,1.6,4.6,6.1,7.1,2.3,5.5,5.0,1.6,6.3,5.5,5.6,4.8,4.9,4.6,5.6,4.9,10.0,6.2,0.01%,9.1,4.0,6.6,5.9,4.9,4.1,0.1,0.0,0.1,,
Nauru,NRU,0.1,0.1,0.1,0.0,1.1,0.0,0.0,0.0,0.0,0.0,0.00%,0.00%,0.0000%,0.00%,0.00%,0.00%,0.00%,0.00%,0.0,0.0,0.0,0.0,8.5,0.0,0.0,0.0,0.0,0.0,0.0,0.1,0.1,0.0,0.0,0.0,0.0,0.1,0.0,6.0,0.0,0.0,0.0,x,0.0,x,x,x,x,x,x,x,x,x,x,x,x,x,x,x,x,x,0.0,0.0%,0.0,0.0,3.8,37.22%,4.1,4.0,4.2,72.00%,7.2,5.9,0.0,0.00%,0.0,0.0,2.9,3.8,0.0,x,1.9,9.3,1.8,10.0,x,7.0,5.3,0.1,4.9,5.2,0.9,1.6,x,x,x,x,3.4,3.9,1.8,0.0,0.0,0.0,,
Nepal,NPL,8.9,10.0,9.5,7.1,0.0,0.0,0.0,0.0,0.0,7.9,0.21%,0.21%,0.5852%,0.00%,0.00%,0.00%,0.00%,0.05%,10.0,10.0,10.0,6.6,0.0,0.0,0.0,0.0,0.0,0.2,1.9,9.5,10.0,0.0,0.0,0.0,5.2,9.8,6.9,0.0,0.0,0.0,3.6,2.5,3.1,8.9,55.33%,6.1,7.8,x,x,x,x,x,x,x,x,x,x,x,x,7.8,8.5,29.0%,2.9,6.5,8.6,32.60%,3.6,6.8,9.1,71.29%,7.1,8.3,9.2,90.38%,9.0,9.1,7.9,2.2,1.5,3.6,2.4,7.7,6.4,2.2,5.6,5.5,4.5,4.5,2.9,4.9,2.3,2.4,0.04%,5.7,6.0,5.9,4.4,6.5,5.1,0.3,0.0,0.2,,
Netherlands,NLD,5.2,0.1,3.0,8.0,0.0,0.0,0.0,0.0,10.0,0.0,0.02%,0.00%,2.5895%,0.00%,0.00%,0.00%,7.75%,0.00%,1.0,0.0,0.5,9.1,0.0,0.0,0.0,0.0,10.0,0.0,0.0,3.1,0.1,0.0,0.0,0.0,0.0,1.8,8.6,0.0,0.0,10.0,0.0,0.8,0.4,0.0,0.00%,0.0,0.0,x,x,x,x,x,x,x,x,x,x,x,x,0.0,0.0,0.0%,0.0,0.0,0.0,0.00%,0.0,0.0,0.0,0.00%,0.0,0.0,0.0,0.00%,0.0,0.0,0.0,0.3,0.0,x,0.2,9.1,2.6,9.3,0.6,5.4,3.7,x,0.0,4.3,0.0,0.1,0.01%,9.2,2.0,5.6,3.3,1.9,5.0,0.1,0.0,0.1,,
New Zealand,NZL,6.3,6.3,6.3,3.6,4.8,5.4,0.0,3.1,4.7,0.0,0.16%,0.04%,0.1023%,0.00%,0.23%,0.00%,0.04%,0.00%,7.9,2.1,5.7,3.7,5.9,0.3,0.0,0.2,4.1,0.0,1.9,7.1,4.2,2.9,0.0,1.6,0.0,6.0,3.7,5.4,1.8,4.4,1.0,2.5,1.8,x,x,x,x,x,x,x,x,x,x,x,x,x,x,x,x,x,0.0,0.0%,0.0,0.0,0.0,0.00%,0.0,0.0,0.0,0.00%,0.0,0.0,5.8,2.24%,0.2,3.5,1.0,0.0,0.0,x,0.0,4.3,4.3,8.7,1.5,4.7,3.1,0.0,0.5,3.2,0.0,0.0,0.01%,9.0,2.0,5.5,2.9,2.4,3.8,0.0,0.0,0.0,,
Nicaragua,NIC,7.0,7.9,7.5,4.8,6.7,6.5,6.6,6.6,4.8,8.9,0.21%,0.13%,0.2428%,0.00%,0.51%,0.02%,0.03%,0.53%,10.0,6.3,8.8,5.1,7.7,0.6,0.1,0.4,3.8,1.8,5.7,8.5,7.1,3.6,3.4,3.5,6.6,8.2,5.0,7.2,4.2,4.3,6.2,1.7,4.0,x,x,x,x,x,x,x,x,x,x,x,x,x,x,x,x,x,8.3,88.0%,8.8,8.6,8.3,84.62%,9.4,8.9,8.2,76.09%,7.6,7.9,8.3,92.24%,9.2,8.8,8.6,3.0,3.0,x,3.0,5.9,3.8,6.0,7.3,5.8,4.9,0.6,3.0,4.4,2.3,2.8,0.00%,9.7,2.0,5.9,4.4,6.4,5.9,0.3,0.0,0.2,,
Niger,NER,0.1,0.1,0.1,6.9,0.0,0.0,0.0,0.0,0.0,10.0,0.00%,0.00%,0.5013%,0.00%,0.00%,0.00%,0.00%,3.13%,0.0,0.0,0.0,6.3,0.0,0.0,0.0,0.0,0.0,10.0,9.5,0.1,0.1,0.0,0.0,0.0,10.0,0.1,6.6,0.0,0.0,0.0,9.8,4.2,7.0,9.0,70.77%,7.9,8.5,0.0,0.00%,0.0,0.0,7.0,0.59%,0.6,4.5,0.0,0.00%,0.0,0.0,4.3,9.2,100.0%,10.0,9.7,7.5,6.18%,0.7,5.0,9.2,99.09%,9.9,9.6,9.1,81.94%,8.2,8.7,8.7,9.3,8.5,7.5,8.4,4.3,9.3,1.7,9.8,6.3,7.0,7.8,8.5,6.9,10.0,8.8,x,x,8.0,8.0,7.9,7.3,3.8,9.8,7.8,9.0,,
Nigeria,NGA,0.1,0.1,0.1,9.2,0.0,0.0,0.0,0.0,8.2,10.0,0.00%,0.00%,0.6689%,0.00%,0.00%,0.00%,0.03%,0.24%,0.0,0.0,0.0,6.8,0.0,0.0,0.0,0.0,3.8,0.8,1.0,0.1,0.1,0.0,0.0,0.0,7.7,0.1,8.2,0.0,0.0,6.5,4.4,1.7,3.1,10.0,41.00%,4.6,8.4,9.6,2.52%,5.0,8.1,10.0,31.67%,10.0,10.0,9.4,1.89%,6.6,8.3,8.9,10.0,100.0%,10.0,10.0,10.0,60.07%,6.7,8.9,10.0,96.69%,9.7,9.9,10.0,99.58%,10.0,10.0,9.8,5.9,3.4,6.9,5.4,7.9,7.6,5.4,6.6,6.9,6.4,5.4,6.4,6.6,6.1,5.6,0.00%,10.0,6.0,8.0,6.7,8.3,4.8,10.0,10.0,10.0,,
North Macedonia,MKD,5.5,4.4,5.0,3.4,0.0,0.0,0.0,0.0,0.0,3.6,0.21%,0.02%,0.2069%,0.00%,0.00%,0.00%,0.00%,0.01%,10.0,0.9,7.7,4.9,0.0,0.0,0.0,0.0,0.0,0.0,1.0,7.8,2.7,0.0,0.0,0.0,2.0,6.5,4.2,0.0,0.0,0.0,1.5,5.8,3.7,7.5,88.67%,9.9,9.0,x,x,x,x,x,x,x,x,x,x,x,x,9.0,0.0,0.0%,0.0,0.0,0.0,0.00%,0.0,0.0,0.0,0.00%,0.0,0.0,0.0,0.00%,0.0,0.0,0.0,0.1,0.4,0.0,0.2,6.2,0.0,5.9,3.6,3.9,2.7,0.0,0.0,2.6,0.0,0.1,0.02%,7.6,4.0,5.8,2.8,4.7,3.1,0.1,0.0,0.1,,
Norway,NOR,1.2,0.1,0.7,5.3,0.0,0.0,0.0,0.0,6.7,0.0,0.00%,0.00%,0.5346%,0.00%,0.00%,0.00%,0.28%,0.00%,0.1,0.0,0.1,6.5,0.0,0.0,0.0,0.0,6.5,0.0,0.0,0.7,0.1,0.0,0.0,0.0,0.0,0.4,5.9,0.0,0.0,6.6,0.0,4.2,2.1,0.0,0.00%,0.0,0.0,x,x,x,x,x,x,x,x,x,x,x,x,0.0,0.0,0.0%,0.0,0.0,0.0,0.00%,0.0,0.0,0.0,0.00%,0.0,0.0,0.0,0.00%,0.0,0.0,0.0,0.2,0.0,x,0.1,3.9,3.1,8.4,0.6,4.0,2.7,0.0,0.0,2.7,0.0,0.1,0.04%,5.8,0.0,2.9,1.9,1.2,2.8,0.0,0.0,0.0,,
Oman,OMN,0.1,0.1,0.1,2.3,8.1,5.8,6.3,6.1,5.7,0.0,0.00%,0.00%,0.0309%,0.01%,0.37%,0.02%,0.13%,0.00%,0.0,0.0,0.0,1.7,9.7,0.4,0.1,0.3,5.5,0.0,0.0,0.1,0.1,3.1,3.2,3.2,0.0,0.1,2.0,9.0,3.8,5.6,0.0,6.7,3.4,7.6,47.75%,5.3,6.6,x,x,x,x,x,x,x,x,x,x,x,x,6.6,0.0,0.0%,0.0,0.0,6.7,10.16%,1.1,4.5,8.0,80.34%,8.0,8.0,7.9,73.19%,7.3,7.6,5.8,0.1,1.3,0.3,0.6,3.9,4.4,8.8,x,5.7,4.0,0.0,2.1,3.8,0.0,0.4,0.01%,8.9,2.0,5.5,3.2,5.1,4.8,0.1,0.0,0.1,,
Pakistan,PAK,10.0,10.0,10.0,10.0,7.3,9.8,9.3,9.6,6.4,10.0,0.21%,0.03%,2.3346%,0.00%,0.40%,0.03%,0.01%,0.08%,10.0,1.7,7.9,8.9,4.5,0.4,0.1,0.3,1.5,0.3,1.9,10.0,5.9,5.1,4.7,4.9,7.6,9.2,9.5,6.1,7.1,4.4,4.8,5.0,4.9,10.0,77.70%,8.6,9.4,x,x,x,x,x,x,x,x,x,x,x,x,9.4,10.0,98.3%,9.8,9.9,9.7,24.68%,2.7,7.7,10.0,80.61%,8.1,9.3,10.0,86.15%,8.6,9.4,9.2,3.3,1.6,1.5,2.1,8.3,5.5,3.8,10.0,6.9,5.3,6.2,5.2,6.5,2.3,2.2,0.01%,8.8,6.0,7.4,5.4,7.9,7.5,10.0,8.7,9.5,,
Palau,PLW,0.1,0.1,0.1,0.0,0.1,1.0,0.0,0.5,1.0,4.0,0.00%,0.00%,0.0000%,0.00%,0.81%,0.00%,0.31%,2.25%,0.0,0.0,0.0,0.0,7.0,0.9,0.0,0.5,6.7,7.5,1.0,0.1,0.1,1.0,0.0,0.5,6.0,0.1,0.0,4.4,0.5,4.4,3.5,x,3.5,0.0,0.00%,0.0,0.0,x,x,x,x,x,x,x,x,x,x,x,x,0.0,0.0,0.0%,0.0,0.0,0.0,0.00%,0.0,0.0,4.3,59.46%,5.9,5.2,3.8,26.73%,2.7,3.3,2.4,0.1,0.1,x,0.1,5.3,1.1,8.2,x,4.9,3.3,0.1,0.3,3.0,0.0,0.1,0.06%,4.4,4.0,4.2,2.4,2.1,2.3,0.0,0.0,0.0,,
Palestine,PSE,6.1,3.9,5.1,0.0,0.6,0.0,0.0,0.0,0.0,0.0,0.14%,0.00%,0.0004%,0.00%,0.00%,0.00%,0.00%,0.00%,6.8,0.2,4.3,0.0,1.2,0.0,0.0,0.0,0.0,0.0,0.0,6.5,2.1,0.0,0.0,0.0,0.0,4.7,0.0,0.9,0.0,0.0,0.0,x,0.0,0.0,0.00%,0.0,0.0,x,x,x,x,x,x,x,x,x,x,x,x,0.0,0.0,0.0%,0.0,0.0,5.4,1.17%,0.1,3.2,8.2,95.63%,9.6,9.0,7.3,25.07%,2.5,5.4,5.4,0.1,0.3,0.5,0.3,9.7,5.5,7.8,7.6,7.7,5.2,2.2,5.4,6.4,0.0,0.2,0.01%,9.3,x,9.3,5.3,4.3,1.6,10.0,10.0,10.0,,
Panama,PAN,6.4,7.2,6.8,0.4,7.6,0.0,0.0,0.0,5.9,0.0,0.21%,0.10%,0.0047%,0.01%,0.00%,0.00%,0.16%,0.00%,10.0,5.2,8.5,0.0,9.2,0.0,0.0,0.0,5.8,0.0,2.9,8.2,6.2,0.0,0.0,0.0,0.0,7.8,0.2,8.5,0.0,5.9,1.5,0.8,1.2,x,x,x,x,x,x,x,x,x,x,x,x,x,x,x,x,x,7.8,67.0%,6.7,7.3,7.9,80.08%,8.9,8.4,7.9,74.74%,7.5,7.7,8.1,96.35%,9.6,9.0,8.2,1.6,0.9,x,1.3,5.9,3.8,7.0,4.1,5.2,3.9,1.8,1.9,4.1,1.3,1.3,0.02%,8.3,2.0,5.2,3.5,5.7,5.1,0.2,0.0,0.1,,
Papua New Guinea,PNG,7.5,8.8,8.2,4.7,6.8,5.0,4.8,4.9,6.7,9.8,0.20%,0.20%,0.1574%,0.00%,0.08%,0.00%,0.16%,0.82%,10.0,9.8,9.9,4.4,7.4,0.1,0.0,0.1,5.8,2.7,1.9,8.8,9.3,2.6,2.4,2.5,7.8,9.2,4.6,7.1,2.8,6.3,4.9,0.0,2.5,8.0,39.96%,4.4,6.5,x,x,x,x,x,x,x,x,x,x,x,x,6.5,8.6,100.0%,10.0,9.4,7.9,32.17%,3.6,6.2,7.7,22.64%,2.3,5.6,8.5,81.26%,8.1,8.3,7.7,9.0,8.3,7.0,8.1,4.5,5.7,1.4,x,3.9,5.3,2.5,4.4,3.7,5.4,7.4,0.00%,9.9,x,9.9,7.0,6.7,6.1,1.7,0.0,0.9,,
Paraguay,PRY,0.0,0.1,0.1,5.2,0.0,0.0,0.0,0.0,0.0,9.3,0.00%,0.00%,0.3837%,0.00%,0.00%,0.00%,0.00%,0.73%,0.0,0.0,0.0,5.9,0.0,0.0,0.0,0.0,0.0,2.4,6.7,0.0,0.1,0.0,0.0,0.0,7.1,0.1,5.6,0.0,0.0,0.0,6.9,0.8,3.9,x,x,x,x,x,x,x,x,x,x,x,x,x,x,x,x,x,0.0,0.0%,0.0,0.0,8.2,78.11%,8.7,8.5,8.3,99.26%,9.9,9.3,8.3,86.40%,8.6,8.5,7.7,0.6,0.1,2.0,0.9,4.1,3.4,6.3,4.7,4.6,3.4,1.7,3.2,3.9,0.1,0.7,0.02%,8.2,2.0,5.1,3.2,5.2,2.5,0.2,0.0,0.1,,
Peru,PER,9.0,10.0,9.6,6.9,9.3,0.0,0.0,0.0,4.6,9.9,0.20%,0.18%,0.4422%,0.00%,0.00%,0.00%,0.01%,0.27%,10.0,8.9,9.5,6.1,8.8,0.0,0.0,0.0,1.7,0.9,4.8,9.5,9.5,0.0,0.0,0.0,7.6,9.6,6.5,9.1,0.0,3.3,6.2,2.5,4.4,x,x,x,x,x,x,x,x,x,x,x,x,x,x,x,x,x,8.8,39.3%,3.9,7.0,8.3,19.49%,2.2,6.1,8.9,48.62%,4.9,7.4,9.0,60.05%,6.0,7.8,7.1,2.4,0.9,x,1.7,4.7,2.3,7.9,3.7,4.7,3.7,5.0,1.9,4.3,1.0,1.4,0.00%,9.8,2.0,5.9,3.9,5.1,6.4,3.8,3.1,3.5,,
Philippines,PHL,10.0,10.0,10.0,7.7,10.0,10.0,10.0,10.0,10.0,9.9,0.20%,0.17%,0.2808%,0.00%,7.51%,1.44%,0.38%,0.07%,9.9,8.4,9.3,5.4,8.4,8.3,7.2,7.8,6.9,0.2,5.7,10.0,9.2,9.2,8.6,8.9,7.5,9.7,6.7,9.4,9.2,8.9,6.6,0.8,3.7,9.0,15.66%,1.7,6.7,x,x,x,x,x,x,x,x,x,x,x,x,6.7,9.8,58.0%,5.8,8.5,10.0,79.98%,8.9,9.5,10.0,84.02%,8.4,9.4,10.0,84.91%,8.5,9.4,9.2,1.7,0.9,1.8,1.5,8.6,4.3,4.8,5.6,5.8,4.4,4.0,1.9,4.9,1.0,1.4,0.01%,9.4,2.0,5.7,4.0,6.6,8.3,9.5,6.9,8.5,,
Poland,POL,2.5,0.1,1.4,6.5,0.0,0.0,0.0,0.0,6.8,0.0,0.00%,0.00%,0.2521%,0.00%,0.00%,0.00%,0.04%,0.00%,0.1,0.0,0.1,5.2,0.0,0.0,0.0,0.0,4.2,0.0,1.0,1.3,0.1,0.0,0.0,0.0,0.0,0.8,5.9,0.0,0.0,5.7,0.5,5.0,2.8,1.8,0.00%,0.0,0.9,x,x,x,x,x,x,x,x,x,x,x,x,0.9,0.0,0.0%,0.0,0.0,0.0,0.00%,0.0,0.0,0.0,0.00%,0.0,0.0,0.0,0.00%,0.0,0.0,0.0,0.1,1.6,x,0.9,7.0,0.0,6.0,2.0,3.8,2.8,0.5,0.0,2.6,0.0,0.6,0.00%,9.6,x,9.6,4.3,2.2,2.8,0.1,0.0,0.1,,
Portugal,PRT,6.5,0.1,4.0,4.1,4.1,0.0,0.0,0.0,5.2,0.0,0.09%,0.00%,0.0884%,0.00%,0.00%,0.00%,0.03%,0.00%,4.7,0.0,2.7,3.5,4.4,0.0,0.0,0.0,3.9,0.0,2.9,5.6,0.1,0.0,0.0,0.0,0.0,3.4,3.8,4.3,0.0,4.6,1.5,5.0,3.3,0.0,0.00%,0.0,0.0,x,x,x,x,x,x,x,x,x,x,x,x,0.0,0.0,0.0%,0.0,0.0,0.0,0.00%,0.0,0.0,7.2,11.27%,1.1,4.9,6.4,2.80%,0.3,4.0,2.5,0.0,0.1,x,0.1,6.8,3.8,6.8,1.7,4.8,3.2,0.0,0.0,3.2,0.0,0.0,0.03%,7.1,2.0,4.6,2.6,2.2,3.2,0.1,0.0,0.1,,
Qatar,QAT,0.1,0.1,0.1,0.0,0.0,0.0,0.0,0.0,3.5,0.0,0.00%,0.00%,0.0000%,0.00%,0.00%,0.00%,0.02%,0.00%,0.0,0.0,0.0,0.0,0.0,0.0,0.0,0.0,3.5,0.0,0.0,0.1,0.1,0.0,0.0,0.0,0.0,0.1,0.0,0.0,0.0,3.5,0.0,10.0,5.0,0.0,0.00%,0.0,0.0,x,x,x,x,x,x,x,x,x,x,x,x,0.0,0.0,0.0%,0.0,0.0,0.0,0.00%,0.0,0.0,7.3,48.47%,4.8,6.2,7.0,30.65%,3.1,5.4,3.4,0.0,0.0,x,0.0,7.9,1.6,9.9,6.7,6.5,4.3,0.1,0.1,4.4,0.0,0.0,0.01%,8.5,2.0,5.3,3.2,2.9,1.9,0.1,0.0,0.1,,
Romania,ROU,8.1,0.1,5.4,6.3,0.0,0.0,0.0,0.0,4.0,0.0,0.19%,0.00%,0.3921%,0.00%,0.00%,0.00%,0.01%,0.00%,9.4,0.0,6.8,5.9,0.0,0.0,0.0,0.0,1.6,0.0,1.0,8.8,0.1,0.0,0.0,0.0,0.0,6.1,6.1,0.0,0.0,2.9,0.5,5.0,2.8,8.9,81.90%,9.1,9.0,x,x,x,x,x,x,x,x,x,x,x,x,9.0,0.0,0.0%,0.0,0.0,0.0,0.00%,0.0,0.0,0.0,0.00%,0.0,0.0,0.0,0.00%,0.0,0.0,0.0,1.3,0.0,x,0.7,6.4,0.8,5.5,2.2,3.7,2.7,0.3,0.0,2.5,0.0,0.4,0.03%,6.6,2.0,4.3,2.4,4.7,3.6,0.1,0.0,0.1,,
Russian Federation,RUS,7.5,5.6,6.7,9.1,5.3,6.5,0.0,4.0,7.0,8.6,0.01%,0.00%,0.9240%,0.00%,0.03%,0.00%,0.01%,0.02%,0.7,0.0,0.4,7.4,2.8,0.0,0.0,0.0,2.8,0.1,4.8,4.1,2.8,3.3,0.0,1.8,5.9,4.2,8.4,4.2,2.2,5.3,5.4,6.7,6.1,8.9,11.12%,1.2,6.4,x,x,x,x,x,x,x,x,x,x,x,x,6.4,0.0,0.0%,0.0,0.0,0.0,0.00%,0.0,0.0,0.0,0.00%,0.0,0.0,6.2,0.14%,0.0,3.7,1.1,1.2,0.5,x,0.9,3.2,0.0,7.5,1.4,3.0,2.3,0.3,0.0,2.1,0.0,0.6,0.05%,5.0,0.0,2.5,1.7,3.2,5.2,10.0,6.6,8.9,,
Rwanda,RWA,7.1,0.1,4.5,3.5,0.0,0.0,0.0,0.0,0.0,9.4,0.11%,0.00%,0.0324%,0.00%,0.00%,0.00%,0.00%,0.40%,5.7,0.0,3.4,1.8,0.0,0.0,0.0,0.0,0.0,1.3,3.8,6.4,0.1,0.0,0.0,0.0,7.0,4.0,2.7,0.0,0.0,0.0,5.4,3.3,4.4,8.0,29.61%,3.3,6.2,5.9,0.24%,0.5,3.7,0.0,0.00%,0.0,0.0,9.0,17.19%,8.5,8.8,5.6,8.8,100.0%,10.0,9.5,8.5,62.83%,7.0,7.8,8.3,47.78%,4.8,6.9,7.5,12.19%,1.2,5.1,7.7,2.9,5.8,8.2,5.6,9.1,6.5,1.8,5.7,5.8,5.7,4.3,5.5,5.5,0.6,4.4,0.03%,7.0,6.0,6.5,5.5,6.2,2.8,0.6,0.0,0.3,,
Saint Kitts and Nevis,KNA,0.5,0.1,0.3,0.0,0.0,4.5,6.3,5.5,0.0,0.0,0.17%,0.00%,0.0000%,0.00%,9.91%,2.01%,0.00%,0.00%,8.7,0.0,5.9,0.0,0.0,10.0,10.0,10.0,0.0,0.0,0.0,4.6,0.1,7.3,8.2,7.8,0.0,3.6,0.0,0.0,8.6,0.0,0.0,x,0.0,x,x,x,x,x,x,x,x,x,x,x,x,x,x,x,x,x,0.0,0.0%,0.0,0.0,4.3,21.73%,2.4,3.4,4.7,43.15%,4.3,4.5,4.9,55.23%,5.5,5.2,3.5,0.6,0.2,x,0.4,7.5,1.1,3.1,x,3.9,2.7,x,0.6,3.1,0.4,0.4,x,x,2.0,2.0,1.8,2.7,2.9,0.0,0.0,0.0,,
Saint Lucia,LCA,2.3,0.1,1.3,0.0,0.0,5.8,7.0,6.4,1.1,0.0,0.18%,0.00%,0.0000%,0.00%,9.90%,1.40%,0.03%,0.00%,9.2,0.0,6.5,0.0,0.0,10.0,7.0,9.0,3.9,0.0,1.0,5.8,0.1,7.9,7.0,7.5,0.0,4.4,0.0,0.0,8.0,2.6,0.5,x,0.5,x,x,x,x,x,x,x,x,x,x,x,x,x,x,x,x,x,0.0,0.0%,0.0,0.0,6.0,90.39%,10.0,8.7,6.0,93.91%,9.4,8.2,6.0,89.22%,8.9,7.7,7.1,1.8,0.5,x,1.2,8.2,1.7,1.9,2.2,3.5,2.7,0.0,0.4,2.4,2.1,1.5,0.01%,9.5,2.0,5.8,3.2,4.7,3.5,0.0,0.0,0.0,,
Saint Vincent and the Grenadines,VCT,1.6,0.1,0.9,0.0,0.0,5.2,6.6,5.9,0.1,0.0,0.19%,0.00%,0.0000%,0.00%,9.87%,1.40%,0.02%,0.00%,9.7,0.0,7.2,0.0,0.0,10.0,7.0,9.0,3.3,0.0,1.0,5.7,0.1,7.6,6.8,7.2,0.0,4.8,0.0,0.0,7.8,1.8,0.5,x,0.5,x,x,x,x,x,x,x,x,x,x,x,x,x,x,x,x,x,0.0,0.0%,0.0,0.0,5.3,45.83%,5.1,5.2,5.7,91.84%,9.2,7.9,5.5,69.79%,7.0,6.3,5.5,1.1,0.4,x,0.8,8.1,1.1,5.4,x,4.9,3.5,0.3,0.7,3.1,0.8,0.8,0.03%,6.9,x,6.9,3.6,4.3,3.3,0.0,0.0,0.0,,
Samoa,WSM,2.6,0.1,1.4,0.0,1.8,5.7,6.7,6.2,0.0,0.0,0.18%,0.00%,0.0000%,0.00%,7.39%,0.66%,0.00%,0.00%,9.2,0.0,6.5,0.0,6.0,8.2,3.3,6.3,0.0,0.0,1.0,5.9,0.1,7.0,5.0,6.1,0.0,4.4,0.0,4.2,6.3,0.0,0.5,x,0.5,x,x,x,x,x,x,x,x,x,x,x,x,x,x,x,x,x,0.0,0.0%,0.0,0.0,4.8,9.31%,1.0,3.1,4.8,10.51%,1.1,3.2,6.0,70.51%,7.1,6.6,3.6,0.2,0.2,2.8,1.1,6.3,1.7,1.8,10.0,5.0,3.7,3.8,5.1,4.8,0.0,0.8,0.00%,9.5,x,9.5,5.0,4.1,3.1,0.0,0.0,0.0,,
Sao Tome and Principe,STP,0.1,0.1,0.1,0.0,0.0,0.0,0.0,0.0,0.9,0.0,0.00%,0.00%,0.0000%,0.00%,0.00%,0.00%,0.02%,0.00%,0.0,0.0,0.0,0.0,0.0,0.0,0.0,0.0,3.2,0.0,0.0,0.1,0.1,0.0,0.0,0.0,0.0,0.1,0.0,0.0,0.0,2.1,0.0,x,0.0,4.6,7.35%,0.8,2.9,0.0,0.00%,0.0,0.0,0.0,0.00%,0.0,0.0,4.2,1.38%,6.3,5.3,2.4,6.2,100.0%,10.0,8.8,6.0,64.85%,7.2,6.6,5.8,50.45%,5.0,5.4,6.2,93.72%,9.4,8.2,7.5,5.8,3.8,4.2,4.6,7.9,5.6,7.6,5.1,6.6,5.9,9.2,5.5,6.8,10.0,6.0,0.03%,7.0,6.0,6.5,6.4,5.8,1.4,0.0,0.0,0.0,,
Saudi Arabia,SAU,4.7,1.4,3.2,5.6,0.0,0.0,0.0,0.0,5.9,0.0,0.01%,0.00%,0.1062%,0.00%,0.00%,0.00%,0.02%,0.00%,0.3,0.0,0.2,3.8,0.0,0.0,0.0,0.0,3.2,0.0,0.0,2.5,0.7,0.0,0.0,0.0,0.0,1.8,4.8,0.0,0.0,4.7,0.0,10.0,5.0,9.1,60.62%,6.7,8.1,x,x,x,x,x,x,x,x,x,x,x,x,8.1,8.0,10.7%,1.1,5.5,8.3,17.67%,2.0,6.1,9.1,57.73%,5.8,7.8,8.7,32.61%,3.3,6.8,6.6,0.5,0.2,x,0.4,4.1,3.5,8.5,x,5.4,3.7,0.1,1.9,3.6,0.0,0.2,0.01%,9.2,2.0,5.6,3.1,5.8,3.5,3.6,2.7,3.2,,
Senegal,SEN,0.1,0.1,0.1,6.4,4.1,0.0,0.0,0.0,6.3,9.4,0.00%,0.00%,0.4720%,0.00%,0.00%,0.00%,0.06%,0.33%,0.0,0.0,0.0,6.2,3.7,0.0,0.0,0.0,4.6,1.1,3.8,0.1,0.1,0.0,0.0,0.0,7.0,0.1,6.3,3.9,0.0,5.5,5.4,7.5,6.5,8.4,41.45%,4.6,6.9,0.0,0.00%,0.0,0.0,7.2,1.22%,1.2,4.9,0.0,0.00%,0.0,0.0,3.6,8.9,100.0%,10.0,9.5,8.0,20.65%,2.3,5.9,8.9,94.69%,9.5,9.2,8.9,91.66%,9.2,9.1,8.7,4.4,2.3,7.8,4.8,6.5,7.1,5.0,10.0,7.2,6.4,5.2,5.7,6.6,2.6,4.3,0.01%,9.5,2.0,5.8,5.6,6.5,4.6,0.3,0.0,0.2,,
Serbia,SRB,6.8,0.1,4.2,6.7,0.0,0.0,0.0,0.0,0.0,0.0,0.18%,0.00%,1.7017%,0.00%,0.00%,0.00%,0.00%,0.00%,8.9,0.0,6.2,8.4,0.0,0.0,0.0,0.0,0.0,0.0,0.0,7.9,0.1,0.0,0.0,0.0,0.0,5.3,7.7,0.0,0.0,0.0,0.0,5.8,2.9,8.1,70.22%,7.8,8.0,x,x,x,x,x,x,x,x,x,x,x,x,8.0,0.0,0.0%,0.0,0.0,0.0,0.00%,0.0,0.0,0.0,0.00%,0.0,0.0,0.0,0.00%,0.0,0.0,0.0,0.2,0.7,x,0.5,6.4,0.0,5.7,2.1,3.6,2.6,0.2,0.0,2.4,0.0,0.3,0.04%,6.0,2.0,4.0,2.2,4.0,3.4,0.2,0.0,0.1,,
Seychelles,SYC,0.1,0.1,0.1,0.0,4.1,0.0,0.0,0.0,0.0,0.0,0.00%,0.00%,0.0000%,0.01%,0.00%,0.00%,0.00%,0.00%,0.0,0.0,0.0,0.0,9.5,0.0,0.0,0.0,0.0,0.0,0.0,0.1,0.1,0.0,0.0,0.0,0.0,0.1,0.0,7.8,0.0,0.0,0.0,x,0.0,0.0,0.00%,0.0,0.0,0.0,0.00%,0.0,0.0,0.0,0.00%,0.0,0.0,0.0,0.00%,0.0,0.0,0.0,0.0,0.0%,0.0,0.0,5.1,37.17%,4.1,4.6,5.5,66.11%,6.6,6.1,5.1,35.32%,3.5,4.3,4.1,0.0,0.6,x,0.3,7.8,1.3,5.9,x,5.0,3.4,5.4,1.2,4.3,0.0,0.2,0.01%,9.0,2.0,5.5,3.3,2.8,2.2,0.0,0.0,0.0,,
Sierra Leone,SLE,0.1,0.1,0.1,5.5,2.7,0.0,0.0,0.0,5.2,0.0,0.00%,0.00%,0.4114%,0.00%,0.00%,0.00%,0.04%,0.00%,0.0,0.0,0.0,6.0,3.0,0.0,0.0,0.0,4.2,0.0,0.0,0.1,0.1,0.0,0.0,0.0,0.0,0.1,5.8,2.9,0.0,4.7,0.0,1.7,0.9,7.5,20.36%,2.3,5.5,8.2,9.29%,10.0,9.3,9.6,66.05%,10.0,9.8,6.6,1.03%,6.0,6.3,8.3,8.5,100.0%,10.0,9.4,8.3,75.90%,8.4,8.4,8.3,76.09%,7.6,8.0,8.5,96.85%,9.7,9.2,8.8,8.6,5.8,8.2,7.5,6.9,6.4,4.4,8.2,6.5,6.8,5.5,5.7,6.2,5.5,7.0,0.00%,9.7,8.0,8.9,7.4,7.9,3.8,0.1,0.0,0.1,,
Singapore,SGP,0.1,0.1,0.1,0.0,0.0,0.0,0.0,0.0,2.6,0.0,0.00%,0.00%,0.0000%,0.00%,0.00%,0.00%,0.00%,0.00%,0.0,0.0,0.0,0.0,0.0,0.0,0.0,0.0,1.3,0.0,0.0,0.1,0.1,0.0,0.0,0.0,0.0,0.1,0.0,0.0,0.0,2.0,0.0,x,0.0,0.0,0.00%,0.0,0.0,x,x,x,x,x,x,x,x,x,x,x,x,0.0,0.0,0.0%,0.0,0.0,8.2,87.18%,9.7,9.1,8.2,94.97%,9.5,8.9,8.2,92.98%,9.3,8.8,7.8,0.0,0.0,x,0.0,10.0,9.7,10.0,2.4,8.0,5.3,2.4,0.0,5.8,0.0,0.0,0.01%,9.0,2.0,5.5,3.8,4.8,1.2,0.0,0.0,0.0,,
Slovakia,SVK,6.1,0.1,3.7,6.0,0.0,0.0,0.0,0.0,0.0,0.0,0.13%,0.00%,1.0098%,0.00%,0.00%,0.00%,0.00%,0.00%,6.3,0.0,3.8,7.5,0.0,0.0,0.0,0.0,0.0,0.0,0.0,6.2,0.1,0.0,0.0,0.0,0.0,3.8,6.8,0.0,0.0,0.0,0.0,2.5,1.3,4.1,0.14%,0.0,2.3,x,x,x,x,x,x,x,x,x,x,x,x,2.3,0.0,0.0%,0.0,0.0,0.0,0.00%,0.0,0.0,0.0,0.00%,0.0,0.0,0.0,0.00%,0.0,0.0,0.0,0.3,0.0,x,0.2,6.8,0.3,5.4,2.3,3.7,2.5,0.0,0.0,2.5,0.0,0.1,0.03%,6.9,4.0,5.5,2.7,1.9,2.4,0.1,0.0,0.1,,
Slovenia,SVN,5.5,0.1,3.3,4.4,2.5,0.0,0.0,0.0,2.9,0.0,0.20%,0.00%,0.5637%,0.00%,0.00%,0.00%,0.02%,0.00%,10.0,0.0,7.6,6.5,4.4,0.0,0.0,0.0,3.0,0.0,0.0,7.8,0.1,0.0,0.0,0.0,0.0,5.9,5.5,3.5,0.0,3.0,0.0,1.7,0.9,2.1,0.01%,0.0,1.1,x,x,x,x,x,x,x,x,x,x,x,x,1.1,0.0,0.0%,0.0,0.0,0.0,0.00%,0.0,0.0,3.6,0.17%,0.0,2.0,0.0,0.00%,0.0,0.0,0.5,0.2,0.1,x,0.2,6.7,2.1,5.6,1.2,3.9,2.7,0.1,0.0,2.6,0.0,0.1,0.05%,4.9,x,4.9,2.5,1.7,3.2,0.0,0.0,0.0,,
Solomon Islands,SLB,4.0,5.7,4.9,0.0,5.7,5.1,6.0,5.6,5.6,0.1,0.18%,0.16%,0.0000%,0.01%,1.15%,0.07%,0.69%,0.00%,9.0,7.9,8.5,0.0,9.1,1.3,0.4,0.9,7.7,0.0,2.9,6.5,6.8,3.2,3.2,3.2,0.1,7.1,0.0,7.8,3.6,6.8,1.5,4.2,2.9,5.7,11.92%,1.3,3.8,x,x,x,x,x,x,x,x,x,x,x,x,3.8,7.0,99.0%,9.9,8.9,6.4,38.78%,4.3,5.4,6.3,34.50%,3.5,5.1,6.7,60.69%,6.1,6.4,6.8,7.2,5.4,6.1,6.2,4.7,7.9,2.6,x,5.1,5.5,0.2,5.2,4.1,10.0,7.2,0.01%,9.4,8.0,8.7,6.7,5.8,5.4,0.1,0.0,0.1,,
Somalia,SOM,3.8,0.1,2.1,7.5,6.7,3.8,2.8,3.3,6.6,10.0,0.01%,0.00%,1.4129%,0.00%,0.01%,0.00%,0.08%,4.21%,0.3,0.0,0.2,8.1,6.6,0.0,0.0,0.0,5.0,10.0,9.5,2.1,0.1,1.9,1.4,1.7,10.0,1.2,7.8,6.7,1.8,5.9,9.8,10.0,9.9,8.4,41.86%,4.7,6.9,0.0,0.00%,0.0,0.0,0.0,0.00%,0.0,0.0,0.0,0.00%,0.0,0.0,2.4,9.0,100.0%,10.0,9.6,7.8,14.76%,1.6,5.5,8.8,79.36%,7.9,8.4,8.8,79.86%,8.0,8.4,8.3,6.6,7.0,7.5,7.0,4.8,8.6,4.8,10.0,7.1,7.1,5.4,8.9,7.1,7.1,7.1,0.02%,7.6,x,7.6,7.3,6.7,6.6,10.0,10.0,10.0,,
South Africa,ZAF,4.7,0.1,2.7,4.7,2.0,4.5,0.0,2.5,4.4,10.0,0.00%,0.00%,0.0259%,0.00%,0.01%,0.00%,0.00%,1.44%,0.2,0.0,0.1,1.4,0.0,0.0,0.0,0.0,0.8,4.8,6.7,2.5,0.1,2.3,0.0,1.2,8.5,1.5,3.2,1.0,1.3,2.8,7.6,10.0,8.8,9.6,82.40%,9.2,9.4,0.0,0.00%,0.0,0.0,0.0,0.00%,0.0,0.0,5.4,0.03%,2.9,4.3,5.0,8.3,10.0%,1.0,5.8,7.2,1.81%,0.2,4.6,9.2,44.25%,4.4,7.5,7.2,1.93%,0.2,4.6,5.8,2.5,0.9,5.6,3.0,5.6,3.1,6.9,3.4,4.8,4.2,2.7,2.8,4.1,0.0,2.3,0.00%,9.7,0.0,4.9,3.8,4.7,4.0,4.6,2.0,3.4,,
South Sudan,SSD,6.0,0.1,3.6,7.1,0.0,0.0,0.0,0.0,0.0,10.0,0.06%,0.00%,1.6266%,0.00%,0.00%,0.00%,0.00%,3.96%,2.9,0.0,1.6,8.3,0.0,0.0,0.0,0.0,0.0,10.0,2.9,4.5,0.1,0.0,0.0,0.0,10.0,2.7,7.8,0.0,0.0,0.0,6.5,0.8,3.7,8.2,47.29%,5.3,7.0,7.1,1.71%,3.4,5.5,0.0,0.00%,0.0,0.0,7.7,3.88%,7.2,7.5,5.6,8.6,100.0%,10.0,9.4,7.7,20.30%,2.3,5.6,8.6,99.07%,9.9,9.4,8.4,72.42%,7.2,7.9,8.4,9.3,9.8,9.4,9.5,4.1,6.5,2.1,10.0,5.7,7.0,10.0,5.3,6.3,10.0,9.6,0.03%,7.3,8.0,7.7,7.9,7.4,3.9,9.7,6.5,8.6,,
Spain,ESP,7.2,0.1,4.5,7.0,5.2,0.0,0.0,0.0,6.2,10.0,0.04%,0.00%,0.3267%,0.00%,0.00%,0.00%,0.02%,0.36%,1.8,0.0,0.9,5.6,4.0,0.0,0.0,0.0,3.3,1.2,2.9,4.5,0.1,0.0,0.0,0.0,7.8,2.9,6.4,4.6,0.0,4.9,5.4,4.2,4.8,0.0,0.00%,0.0,0.0,x,x,x,x,x,x,x,x,x,x,x,x,0.0,0.0,0.0%,0.0,0.0,5.7,0.20%,0.0,3.4,8.4,16.03%,1.6,6.0,7.3,2.82%,0.3,4.7,3.8,0.0,0.0,x,0.0,6.6,3.1,8.2,1.7,4.9,3.3,0.0,0.0,3.3,0.0,0.0,0.04%,5.8,2.0,3.9,2.4,2.5,4.0,0.3,0.9,0.6,,
Sri Lanka,LKA,0.1,0.1,0.1,3.1,8.0,6.4,0.0,3.9,4.4,10.0,0.00%,0.00%,0.0148%,0.00%,0.14%,0.00%,0.01%,0.74%,0.0,0.0,0.0,0.5,7.9,0.2,0.0,0.1,2.0,2.5,4.8,0.1,0.1,3.3,0.0,1.8,8.0,0.1,1.9,8.0,2.2,3.3,6.4,0.0,3.2,8.2,25.96%,2.9,6.2,x,x,x,x,x,x,x,x,x,x,x,x,6.2,0.0,0.0%,0.0,0.0,8.9,72.59%,8.1,8.5,9.0,89.80%,9.0,9.0,9.0,93.90%,9.4,9.2,7.8,0.5,1.8,1.5,1.3,8.5,0.6,1.9,x,3.7,2.9,5.0,1.3,3.5,0.0,1.0,0.02%,8.4,6.0,7.2,3.9,5.5,3.9,0.6,0.0,0.3,,
Sudan,SDN,0.1,0.1,0.1,8.7,0.0,0.0,0.0,0.0,1.6,10.0,0.00%,0.00%,1.8520%,0.00%,0.00%,0.00%,0.00%,1.57%,0.0,0.0,0.0,8.5,0.0,0.0,0.0,0.0,0.0,5.2,6.7,0.1,0.1,0.0,0.0,0.0,8.5,0.1,8.6,0.0,0.0,0.8,7.6,5.0,6.3,9.2,58.74%,6.5,8.1,0.0,0.00%,0.0,0.0,0.0,0.00%,0.0,0.0,0.0,0.00%,0.0,0.0,3.1,9.6,100.0%,10.0,9.8,8.6,22.83%,2.5,6.5,9.5,95.30%,9.5,9.5,8.8,30.12%,3.0,6.8,8.6,7.0,5.8,8.9,7.2,4.6,7.3,3.6,9.7,6.3,6.6,8.2,6.8,6.7,5.8,6.9,0.03%,7.3,2.0,4.7,6.1,6.5,4.2,10.0,10.0,10.0,,
Suriname,SUR,0.1,0.1,0.1,5.5,0.0,0.0,0.0,0.0,0.9,0.0,0.00%,0.00%,5.4899%,0.00%,0.00%,0.00%,0.01%,0.00%,0.0,0.0,0.0,10.0,0.0,0.0,0.0,0.0,2.1,0.0,0.0,0.1,0.1,0.0,0.0,0.0,0.0,0.1,8.6,0.0,0.0,1.5,0.0,2.5,1.3,x,x,x,x,x,x,x,x,x,x,x,x,x,x,x,x,x,5.7,14.8%,1.5,3.9,6.9,101.16%,10.0,8.9,6.8,98.88%,9.9,8.8,6.9,101.14%,10.0,8.9,8.1,1.1,0.3,2.8,1.4,2.0,2.0,6.6,4.6,3.8,3.0,1.8,2.3,3.2,0.4,1.2,0.01%,9.4,2.0,5.7,3.4,5.4,3.3,0.1,0.0,0.1,,
Sweden,SWE,0.1,0.1,0.1,6.0,0.0,0.0,0.0,0.0,6.3,0.0,0.00%,0.00%,0.5747%,0.00%,0.00%,0.00%,0.10%,0.00%,0.0,0.0,0.0,6.6,0.0,0.0,0.0,0.0,5.3,0.0,0.0,0.1,0.1,0.0,0.0,0.0,0.0,0.1,6.3,0.0,0.0,5.8,0.0,2.5,1.3,0.0,0.00%,0.0,0.0,x,x,x,x,x,x,x,x,x,x,x,x,0.0,0.0,0.0%,0.0,0.0,0.0,0.00%,0.0,0.0,0.0,0.00%,0.0,0.0,0.0,0.00%,0.0,0.0,0.0,0.1,0.0,x,0.1,4.7,1.5,8.9,x,5.0,3.4,0.0,0.1,3.0,0.0,0.0,0.01%,8.9,2.0,5.5,2.8,1.7,2.6,0.0,0.0,0.0,,
Switzerland,CHE,6.9,0.1,4.3,5.6,0.0,0.0,0.0,0.0,0.0,0.0,0.15%,0.00%,0.4480%,0.00%,0.00%,0.00%,0.00%,0.00%,7.6,0.0,4.9,6.2,0.0,0.0,0.0,0.0,0.0,0.0,0.0,7.3,0.1,0.0,0.0,0.0,0.0,4.6,5.9,0.0,0.0,0.0,0.0,1.7,0.9,0.0,0.00%,0.0,0.0,x,x,x,x,x,x,x,x,x,x,x,x,0.0,0.0,0.0%,0.0,0.0,0.0,0.00%,0.0,0.0,0.0,0.00%,0.0,0.0,0.0,0.00%,0.0,0.0,0.0,0.0,0.0,x,0.0,7.8,2.0,7.4,x,5.7,3.8,0.0,0.0,3.4,0.0,0.0,0.01%,8.7,x,8.7,4.0,2.2,2.3,0.1,0.0,0.1,,
Syria,SYR,8.4,7.2,7.9,6.5,2.7,0.0,0.0,0.0,3.4,10.0,0.18%,0.02%,0.4158%,0.00%,0.00%,0.00%,0.00%,0.84%,9.0,1.0,6.5,6.0,1.9,0.0,0.0,0.0,0.6,2.8,2.9,8.7,4.1,0.0,0.0,0.0,8.1,7.3,6.3,2.3,0.0,2.1,5.5,10.0,7.8,9.0,76.12%,8.5,8.8,x,x,x,x,x,x,x,x,x,x,x,x,8.8,0.0,0.0%,0.0,0.0,6.6,1.63%,0.2,4.1,8.9,71.56%,7.2,8.2,7.2,4.35%,0.4,4.6,4.9,0.6,1.0,1.6,1.1,6.9,10.0,5.7,9.1,7.9,5.6,4.6,3.3,6.6,0.2,0.9,0.05%,4.6,6.0,5.3,4.3,6.3,5.2,10.0,9.5,9.8,,
Tajikistan,TJK,7.5,8.0,7.8,6.2,0.0,0.0,0.0,0.0,0.0,10.0,0.21%,0.09%,0.6911%,0.00%,0.00%,0.00%,0.00%,1.05%,10.0,4.6,8.4,6.9,0.0,0.0,0.0,0.0,0.0,3.5,1.9,8.8,6.3,0.0,0.0,0.0,8.2,8.1,6.6,0.0,0.0,0.0,5.1,10.0,7.6,8.5,83.97%,9.3,8.9,x,x,x,x,x,x,x,x,x,x,x,x,8.9,0.0,0.0%,0.0,0.0,7.0,7.54%,0.8,4.6,8.2,54.78%,5.5,7.1,6.9,6.21%,0.6,4.5,4.5,0.4,3.0,2.7,2.0,6.2,5.7,2.8,10.0,6.2,4.8,1.9,5.0,5.3,0.1,1.6,0.03%,7.2,x,7.2,4.7,6.2,5.0,1.2,0.0,0.6,,
Tanzania,TZA,8.7,0.1,6.0,5.5,4.0,2.4,0.0,1.3,4.9,10.0,0.08%,0.00%,0.0522%,0.00%,0.00%,0.00%,0.00%,0.52%,4.2,0.0,2.3,2.6,2.1,0.0,0.0,0.0,1.1,1.7,6.7,6.5,0.1,1.2,0.0,0.6,7.9,4.4,4.2,3.1,0.7,3.2,7.3,2.5,4.9,9.2,40.64%,4.5,7.6,7.5,0.46%,0.9,5.0,0.0,0.00%,0.0,0.0,9.0,3.57%,7.1,8.2,6.0,9.8,100.0%,10.0,9.9,9.3,44.58%,5.0,7.8,9.7,86.09%,8.6,9.2,9.5,60.31%,6.0,8.2,8.9,7.7,6.5,7.1,7.1,6.2,9.8,3.7,7.1,6.7,6.8,7.8,7.4,7.0,2.1,5.9,0.01%,9.3,4.0,6.7,6.5,7.2,4.2,0.8,0.0,0.4,,
Thailand,THA,5.2,0.1,3.0,9.8,6.5,5.0,0.0,2.9,6.9,10.0,0.00%,0.00%,3.6911%,0.00%,0.01%,0.00%,0.03%,1.67%,0.2,0.0,0.1,9.7,4.9,0.0,0.0,0.0,3.7,5.6,10.0,2.7,0.1,2.5,0.0,1.3,8.6,1.7,9.8,5.8,1.6,5.5,9.3,1.7,5.5,5.3,0.08%,0.0,3.1,x,x,x,x,x,x,x,x,x,x,x,x,3.1,8.8,19.0%,1.9,6.5,9.7,84.68%,9.4,9.6,9.8,96.21%,9.6,9.7,9.8,98.84%,9.9,9.9,9.3,0.1,0.0,1.5,0.5,7.2,3.0,5.4,2.1,4.4,3.1,0.2,0.0,3.0,0.0,0.4,0.00%,9.8,2.0,5.9,3.1,5.6,5.9,7.7,4.3,6.3,,
Timor-Leste,TLS,4.8,3.4,4.1,0.0,2.6,1.7,0.0,0.9,2.9,6.3,0.19%,0.01%,0.0000%,0.00%,0.02%,0.00%,0.03%,0.25%,9.5,0.6,7.0,0.0,5.0,0.0,0.0,0.0,3.6,0.8,1.9,7.2,2.0,0.9,0.0,0.5,4.1,5.7,0.0,3.9,0.5,3.3,3.0,0.8,1.9,6.6,30.13%,3.3,5.2,x,x,x,x,x,x,x,x,x,x,x,x,5.2,7.3,94.1%,9.4,8.6,7.0,57.72%,6.4,6.7,7.2,74.35%,7.4,7.3,7.3,94.98%,9.5,8.6,7.9,4.6,2.2,7.2,4.7,6.5,5.2,3.2,8.2,5.8,5.4,3.8,3.9,5.1,3.5,4.4,x,x,6.0,6.0,5.2,6.1,3.4,0.1,0.0,0.1,,
Togo,TGO,0.1,0.1,0.1,3.5,0.0,0.0,0.0,0.0,1.4,7.6,0.00%,0.00%,0.0509%,0.00%,0.00%,0.00%,0.00%,0.12%,0.0,0.0,0.0,2.5,0.0,0.0,0.0,0.0,0.0,0.4,1.0,0.1,0.1,0.0,0.0,0.0,5.0,0.1,3.0,0.0,0.0,0.7,3.0,2.5,2.8,8.0,42.31%,4.7,6.6,7.3,2.66%,5.3,6.4,9.1,29.13%,10.0,9.6,7.3,2.71%,6.9,7.1,7.7,8.5,100.0%,10.0,9.4,8.2,61.21%,6.8,7.6,8.5,94.99%,9.5,9.1,8.5,98.94%,9.9,9.3,8.9,9.0,4.8,8.3,7.4,7.3,7.2,4.4,5.9,6.2,6.6,4.3,6.2,5.9,10.0,8.0,0.03%,7.0,6.0,6.5,6.8,7.6,2.6,6.8,5.4,6.1,,
Tonga,TON,1.6,3.7,2.7,0.0,2.5,5.0,5.5,5.3,0.0,0.0,0.18%,0.18%,0.0000%,0.00%,7.40%,0.28%,0.00%,0.00%,9.2,9.2,9.2,0.0,7.7,8.2,1.4,5.8,0.0,0.0,1.0,5.4,6.5,6.6,3.5,5.3,0.0,7.1,0.0,5.7,5.6,0.0,0.5,x,0.5,x,x,x,x,x,x,x,x,x,x,x,x,x,x,x,x,x,0.0,0.0%,0.0,0.0,5.2,42.30%,4.7,5.0,5.7,83.81%,8.4,7.3,5.7,85.14%,8.5,7.4,5.5,0.5,0.2,3.0,1.2,7.2,2.0,2.3,8.3,5.0,3.7,0.0,4.2,4.0,0.0,0.9,0.02%,8.3,2.0,5.2,3.4,4.3,3.8,0.0,0.0,0.0,,
Trinidad and Tobago,TTO,4.9,4.2,4.6,0.0,0.0,6.9,7.8,7.4,2.5,0.0,0.18%,0.02%,0.0000%,0.00%,3.59%,0.50%,0.02%,0.00%,9.2,1.1,6.7,0.0,0.0,4.0,2.5,3.3,2.9,0.0,1.0,7.1,2.7,5.5,5.2,5.4,0.0,5.8,0.0,0.0,5.7,2.7,0.5,5.0,2.8,x,x,x,x,x,x,x,x,x,x,x,x,x,x,x,x,x,0.0,0.0%,0.0,0.0,7.3,85.57%,9.5,8.6,7.3,90.25%,9.0,8.3,7.4,93.48%,9.3,8.5,7.3,0.7,0.2,x,0.5,8.2,0.9,5.3,3.2,4.4,3.1,1.0,0.3,3.2,0.0,0.3,0.01%,9.4,x,9.4,4.3,5.2,3.5,0.1,0.0,0.1,,
Tunisia,TUN,7.5,0.1,4.8,4.2,5.7,0.0,0.0,0.0,7.0,0.0,0.18%,0.00%,0.0778%,0.00%,0.00%,0.00%,0.17%,0.00%,8.8,0.0,6.0,3.2,6.0,0.0,0.0,0.0,5.9,0.0,0.0,8.2,0.1,0.0,0.0,0.0,0.0,5.4,3.7,5.9,0.0,6.5,0.0,8.3,4.2,0.0,0.00%,0.0,0.0,0.0,0.00%,0.0,0.0,0.0,0.00%,0.0,0.0,0.0,0.00%,0.0,0.0,0.0,0.0,0.0%,0.0,0.0,0.0,0.00%,0.0,0.0,8.3,49.09%,4.9,6.9,5.8,0.88%,0.1,3.5,3.2,0.3,0.5,1.6,0.8,6.3,2.6,7.1,4.7,5.2,3.7,0.8,1.4,3.8,0.0,0.6,0.01%,9.0,2.0,5.5,3.3,2.7,4.3,0.8,1.4,1.1,,
Türkiye,TUR,10.0,10.0,10.0,7.0,5.9,0.0,0.0,0.0,6.2,0.0,0.20%,0.08%,0.1921%,0.00%,0.00%,0.00%,0.01%,0.00%,10.0,4.2,8.3,4.7,4.0,0.0,0.0,0.0,2.5,0.0,0.0,10.0,7.1,0.0,0.0,0.0,0.0,9.3,6.0,5.0,0.0,4.6,0.0,5.0,2.5,9.8,78.39%,8.7,9.3,x,x,x,x,x,x,x,x,x,x,x,x,9.3,0.0,0.0%,0.0,0.0,7.2,1.24%,0.1,4.5,9.0,22.54%,2.3,6.8,8.4,8.21%,0.8,5.8,4.7,0.1,0.5,x,0.3,6.8,2.0,7.7,5.2,5.4,3.7,x,0.9,4.5,0.0,0.2,0.01%,8.6,2.0,5.3,3.3,6.0,5.5,9.5,5.7,8.2,,
Turkmenistan,TKM,5.8,0.0,3.4,7.1,0.0,0.0,0.0,0.0,4.7,0.0,0.09%,0.00%,2.6908%,0.00%,0.00%,0.00%,0.03%,0.00%,4.4,0.0,2.5,9.1,0.0,0.0,0.0,0.0,3.9,0.0,0.0,5.1,0.0,0.0,0.0,0.0,0.0,3.0,8.3,0.0,0.0,4.3,0.0,10.0,5.0,8.2,89.91%,10.0,9.3,x,x,x,x,x,x,x,x,x,x,x,x,9.3,0.0,0.0%,0.0,0.0,0.0,0.00%,0.0,0.0,7.9,48.86%,4.9,6.6,5.4,0.93%,0.1,3.2,3.0,0.0,0.0,0.0,0.0,3.8,4.5,5.4,8.0,5.4,3.6,0.9,3.7,4.4,0.0,0.0,0.04%,6.3,4.0,5.2,3.2,5.7,4.4,0.4,0.0,0.2,,
Tuvalu,TUV,0.1,0.1,0.1,0.0,0.9,0.2,0.0,0.1,0.0,3.7,0.00%,0.00%,0.0000%,0.00%,0.56%,0.00%,0.00%,2.54%,0.0,0.0,0.0,0.0,8.4,0.6,0.0,0.3,0.0,8.5,1.9,0.1,0.1,0.4,0.0,0.2,6.7,0.1,0.0,5.8,0.2,0.0,4.3,x,4.3,x,x,x,x,x,x,x,x,x,x,x,x,x,x,x,x,x,0.0,0.0%,0.0,0.0,0.0,0.00%,0.0,0.0,3.0,11.09%,1.1,2.1,4.1,67.63%,6.8,5.6,2.3,1.8,0.1,0.6,0.8,8.6,3.7,6.6,10.0,7.2,5.1,5.7,4.0,6.4,0.9,0.9,x,x,4.0,4.0,3.8,3.8,2.4,0.0,0.0,0.0,,
Uganda,UGA,8.0,0.1,5.3,5.1,0.0,0.0,0.0,0.0,0.0,10.0,0.06%,0.00%,0.0481%,0.00%,0.00%,0.00%,0.00%,0.25%,3.2,0.0,1.7,2.4,0.0,0.0,0.0,0.0,0.0,0.8,6.7,5.6,0.1,0.0,0.0,0.0,7.7,3.7,3.9,0.0,0.0,0.0,7.2,5.0,6.1,8.7,22.91%,2.5,6.6,9.5,10.72%,10.0,9.8,0.0,0.00%,0.0,0.0,10.0,60.47%,9.6,9.8,8.1,9.6,100.0%,10.0,9.8,9.5,86.13%,9.6,9.6,9.4,81.84%,8.2,8.9,9.3,60.40%,6.0,8.1,9.2,8.8,6.8,6.9,7.5,7.9,10.0,2.7,7.2,7.0,7.2,5.9,7.4,6.9,1.3,6.0,0.00%,9.8,6.0,7.9,6.9,8.0,3.8,8.6,5.3,7.3,,
Ukraine,UKR,5.7,0.1,3.4,6.7,0.0,0.0,0.0,0.0,6.2,0.0,0.01%,0.00%,0.3148%,0.00%,0.00%,0.00%,0.03%,0.00%,0.7,0.0,0.4,5.6,0.0,0.0,0.0,0.0,3.6,0.0,1.0,3.2,0.1,0.0,0.0,0.0,0.0,2.0,6.2,0.0,0.0,5.0,0.5,4.2,2.4,9.0,56.82%,6.3,7.9,x,x,x,x,x,x,x,x,x,x,x,x,7.9,0.0,0.0%,0.0,0.0,0.0,0.00%,0.0,0.0,0.0,0.00%,0.0,0.0,0.0,0.00%,0.0,0.0,0.0,0.3,1.1,x,0.7,6.3,0.0,7.0,1.3,3.7,2.7,x,0.0,2.9,0.0,0.5,0.03%,6.6,4.0,5.3,2.9,4.1,3.1,10.0,10.0,10.0,,
United Arab Emirates,ARE,0.1,0.1,0.1,1.1,5.7,1.4,0.0,0.7,8.5,0.0,0.00%,0.00%,0.0048%,0.00%,0.00%,0.00%,1.04%,0.00%,0.0,0.0,0.0,0.0,6.2,0.0,0.0,0.0,8.2,0.0,0.0,0.1,0.1,0.7,0.0,0.4,0.0,0.1,0.6,6.0,0.4,8.4,0.0,10.0,5.0,8.1,50.42%,5.6,7.0,x,x,x,x,x,x,x,x,x,x,x,x,7.0,0.0,0.0%,0.0,0.0,7.8,31.74%,3.5,6.1,8.3,71.45%,7.1,7.8,8.4,82.10%,8.2,8.3,6.3,0.1,0.0,x,0.1,7.1,2.1,8.8,x,6.0,4.0,0.0,0.2,3.6,0.0,0.0,0.01%,9.4,0.0,4.7,2.8,5.3,4.4,0.1,0.0,0.1,,
United Kingdom,GBR,0.2,0.1,0.2,6.6,2.8,0.0,0.0,0.0,9.3,0.0,0.00%,0.00%,0.1639%,0.00%,0.00%,0.00%,0.32%,0.00%,0.0,0.0,0.0,4.5,0.8,0.0,0.0,0.0,6.7,0.0,1.0,0.1,0.1,0.0,0.0,0.0,0.0,0.1,5.7,1.9,0.0,8.3,0.5,2.5,1.5,0.0,0.00%,0.0,0.0,x,x,x,x,x,x,x,x,x,x,x,x,0.0,0.0,0.0%,0.0,0.0,0.0,0.00%,0.0,0.0,0.0,0.00%,0.0,0.0,0.0,0.00%,0.0,0.0,0.0,0.1,0.0,x,0.1,8.1,2.2,8.5,0.9,4.9,3.3,0.0,0.1,3.3,0.0,0.0,0.04%,6.3,0.0,3.2,2.2,1.5,3.4,0.2,0.0,0.1,,
United States of America,USA,9.8,10.0,9.9,8.8,8.5,10.0,10.0,10.0,9.8,0.0,0.04%,0.02%,0.2767%,0.00%,0.84%,0.06%,0.11%,0.00%,2.0,0.9,1.5,5.4,5.4,0.9,0.3,0.6,5.4,0.0,10.0,5.9,5.5,5.5,5.2,5.4,0.0,7.7,7.5,7.2,7.7,8.4,5.0,3.3,4.2,x,x,x,x,x,x,x,x,x,x,x,x,x,x,x,x,x,0.0,0.0%,0.0,0.0,9.7,17.19%,1.9,7.5,10.0,52.89%,5.3,8.6,9.4,11.19%,1.1,7.0,6.6,0.0,0.0,x,0.0,5.2,1.5,8.3,1.2,4.1,2.7,0.0,0.2,2.7,0.0,0.0,0.04%,5.9,0.0,3.0,1.9,4.1,7.0,0.5,0.0,0.3,,
Uruguay,URY,0.0,0.1,0.1,3.5,0.0,0.0,0.0,0.0,3.9,8.5,0.00%,0.00%,0.1420%,0.00%,0.00%,0.00%,0.03%,0.75%,0.0,0.0,0.0,4.2,0.0,0.0,0.0,0.0,3.6,2.5,3.8,0.0,0.1,0.0,0.0,0.0,6.4,0.1,3.9,0.0,0.0,3.8,5.1,2.5,3.8,x,x,x,x,x,x,x,x,x,x,x,x,x,x,x,x,x,0.0,0.0%,0.0,0.0,5.8,3.13%,0.3,3.5,7.7,68.53%,6.9,7.3,6.0,4.97%,0.5,3.7,4.1,0.2,0.1,x,0.2,4.3,0.2,9.6,2.5,4.2,2.9,0.1,0.0,2.8,0.1,0.1,0.08%,2.1,2.0,2.1,1.7,3.0,2.3,0.1,0.0,0.1,,
Uzbekistan,UZB,8.6,8.0,8.3,8.3,0.0,0.0,0.0,0.0,0.0,8.1,0.15%,0.03%,1.6342%,0.00%,0.00%,0.00%,0.00%,0.05%,7.5,1.4,5.2,8.3,0.0,0.0,0.0,0.0,0.0,0.2,1.0,8.1,4.7,0.0,0.0,0.0,5.4,7.0,8.3,0.0,0.0,0.0,3.2,10.0,6.6,9.3,89.11%,9.9,9.6,x,x,x,x,x,x,x,x,x,x,x,x,9.6,0.0,0.0%,0.0,0.0,0.0,0.00%,0.0,0.0,8.9,45.68%,4.6,7.3,6.3,0.71%,0.1,3.8,3.5,0.4,0.6,1.8,0.9,6.3,4.5,5.1,8.0,6.0,4.3,0.8,4.8,4.9,0.0,0.7,0.05%,5.1,8.0,6.6,4.1,6.3,4.9,0.6,0.0,0.3,,
Vanuatu,VUT,2.8,4.8,3.9,0.0,4.5,6.1,6.9,6.5,3.5,0.0,0.16%,0.16%,0.0000%,0.00%,7.40%,0.58%,0.19%,0.00%,7.8,7.8,7.8,0.0,8.6,8.2,2.9,6.2,6.0,0.0,0.0,5.3,6.3,7.2,4.9,6.2,0.0,6.2,0.0,7.0,6.4,4.9,0.0,10.0,5.0,0.0,0.00%,0.0,0.0,x,x,x,x,x,x,x,x,x,x,x,x,0.0,6.5,100.0%,10.0,8.8,6.0,43.73%,4.9,5.5,6.1,55.01%,5.5,5.8,6.2,66.33%,6.6,6.4,6.9,5.9,1.4,2.4,3.2,4.7,5.9,2.6,7.7,5.2,4.5,0.3,5.6,4.5,0.0,2.4,0.00%,9.6,2.0,5.8,4.2,4.3,5.1,0.0,0.0,0.0,,
Venezuela,VEN,8.7,8.7,8.7,6.2,5.7,8.3,8.1,8.2,7.6,0.0,0.19%,0.06%,0.2454%,0.00%,0.77%,0.04%,0.14%,0.00%,9.4,3.2,7.4,5.2,5.0,0.9,0.2,0.6,5.6,0.0,1.0,9.1,6.0,4.6,4.2,4.4,0.0,8.1,5.7,5.4,5.6,6.7,0.5,3.3,1.9,x,x,x,x,x,x,x,x,x,x,x,x,x,x,x,x,x,8.8,50.0%,5.0,7.4,9.1,73.81%,8.2,8.7,9.2,90.62%,9.1,9.2,9.1,81.62%,8.2,8.7,8.6,0.2,1.1,x,0.7,5.0,3.9,8.8,x,5.9,4.2,2.9,1.6,4.4,1.0,0.8,0.03%,6.6,2.0,4.3,3.2,6.0,5.9,6.5,3.4,5.1,,
Viet Nam,VNM,8.1,0.1,5.4,10.0,6.8,10.0,5.0,8.5,10.0,10.0,0.04%,0.00%,3.8785%,0.00%,1.45%,0.00%,2.20%,0.25%,1.8,0.0,0.9,9.8,4.9,1.6,0.0,0.8,9.1,0.8,5.7,5.0,0.1,5.8,2.5,4.3,7.7,3.5,9.9,5.9,5.9,9.6,6.7,1.7,4.2,9.5,42.10%,4.7,7.9,x,x,x,x,x,x,x,x,x,x,x,x,7.9,9.8,73.7%,7.4,8.9,9.9,80.37%,8.9,9.5,10.0,94.41%,9.4,9.7,10.0,96.89%,9.7,9.9,9.5,0.9,0.3,1.1,0.8,8.3,5.0,3.9,3.6,5.2,3.7,3.6,1.3,4.3,0.0,0.6,0.03%,7.2,2.0,4.6,3.2,6.9,7.3,0.2,0.0,0.1,,
Yemen,YEM,5.2,0.1,3.0,6.5,4.1,5.8,5.9,5.9,6.0,0.0,0.01%,0.00%,0.2797%,0.00%,0.05%,0.00%,0.02%,0.00%,0.5,0.0,0.3,5.4,3.0,0.1,0.0,0.1,3.3,0.0,0.0,2.9,0.1,3.0,3.0,3.0,0.0,1.7,6.0,3.6,3.5,4.8,0.0,9.2,4.6,9.1,62.96%,7.0,8.2,x,x,x,x,x,x,x,x,x,x,x,x,8.2,9.1,64.4%,6.4,8.0,7.6,5.84%,0.6,5.0,8.9,49.40%,4.9,7.4,8.8,40.25%,4.0,7.1,7.0,5.0,6.4,5.1,5.5,6.0,7.7,4.0,10.0,6.9,6.4,4.9,7.3,6.7,2.9,4.9,0.00%,9.8,6.0,7.9,6.5,7.1,4.7,10.0,8.5,9.4,,
Zambia,ZMB,6.2,0.1,3.8,5.3,0.0,0.0,0.0,0.0,0.0,10.0,0.04%,0.00%,0.1393%,0.00%,0.00%,0.00%,0.00%,0.97%,1.8,0.0,0.9,4.2,0.0,0.0,0.0,0.0,0.0,3.2,4.8,4.0,0.1,0.0,0.0,0.0,8.1,2.5,4.8,0.0,0.0,0.0,6.5,2.5,4.5,8.3,30.62%,3.4,6.5,0.0,0.00%,0.0,0.0,0.0,0.00%,0.0,0.0,7.8,2.17%,6.7,7.3,4.3,9.0,100.0%,10.0,9.6,8.2,25.05%,2.8,6.2,9.0,93.20%,9.3,9.2,8.6,52.95%,5.3,7.3,8.4,7.1,5.3,8.2,6.9,4.7,7.9,4.6,7.5,6.2,6.4,5.4,6.7,6.1,2.1,5.7,0.01%,9.1,2.0,5.6,5.8,6.5,3.0,0.2,0.0,0.1,,
Zimbabwe,ZWE,5.1,0.1,3.0,4.3,0.0,0.0,0.0,0.0,0.0,10.0,0.02%,0.00%,0.0627%,0.00%,0.00%,0.00%,0.00%,4.40%,1.0,0.0,0.5,2.9,0.0,0.0,0.0,0.0,0.0,10.0,7.6,3.1,0.1,0.0,0.0,0.0,10.0,1.8,3.6,0.0,0.0,0.0,8.8,10.0,9.4,8.2,31.94%,3.5,6.4,0.0,0.00%,0.0,0.0,0.0,0.00%,0.0,0.0,6.2,0.33%,5.0,5.6,3.6,8.8,78.7%,7.9,8.4,6.5,2.21%,0.2,4.0,8.7,77.99%,7.8,8.3,7.0,4.48%,0.4,4.5,6.8,7.3,6.3,5.8,6.5,5.4,4.9,3.3,5.0,4.7,5.3,6.1,6.0,5.1,5.8,6.3,0.03%,6.6,2.0,4.3,5.2,5.3,4.0,0.5,0.0,0.3,,